spool 04_insert_clob.log
-------------
-- ADFICHA --
-------------

INSERT INTO ADFICHA ( ID, NOMBRE, DEFINICION, TIPONORMA, TIPONIVEL,
DESCRIPCION ) VALUES (
'1', 'ISAD(G) Nivel de Descripción Unidad Documental', '(CLOB)', 1, 6, NULL);
INSERT INTO ADFICHA ( ID, NOMBRE, DEFINICION, TIPONORMA, TIPONIVEL,
DESCRIPCION ) VALUES (
'2', 'ISAD(G) Nivel de Descripción Serie', '(CLOB)', 1, 4, NULL);
INSERT INTO ADFICHA ( ID, NOMBRE, DEFINICION, TIPONORMA, TIPONIVEL,
DESCRIPCION ) VALUES (
'3', 'ISAD(G) Nivel de Descripción Clasificador Serie', '(CLOB)', 1, 3, NULL);
INSERT INTO ADFICHA ( ID, NOMBRE, DEFINICION, TIPONORMA, TIPONIVEL,
DESCRIPCION ) VALUES (
'4', 'ISAD(G) Nivel de Descripción Fondo', '(CLOB)', 1, 2, NULL);
INSERT INTO ADFICHA ( ID, NOMBRE, DEFINICION, TIPONORMA, TIPONIVEL,
DESCRIPCION ) VALUES (
'5', 'ISAAR(CPF)', '(CLOB)', 2, 7, NULL);
INSERT INTO ADFICHA ( ID, NOMBRE, DEFINICION, TIPONORMA, TIPONIVEL,
DESCRIPCION ) VALUES (
'6','ISAD(G) Nivel de Descripción Fracción de Serie','(CLOB)',1,6, NULL);

----------------
-- ADFMTFICHA --
----------------

-- Nivel de acceso público
INSERT INTO ADFMTFICHA ( ID, NOMBRE, DEFINICION, IDFICHA, TIPO, NIVELACCESO, IDLCA,
DESCRIPCION ) VALUES (
'1', 'Consulta de ficha de unidad documental - Público', '(CLOB)', '1', 1, 1, NULL, NULL);
INSERT INTO ADFMTFICHA ( ID, NOMBRE, DEFINICION, IDFICHA, TIPO, NIVELACCESO, IDLCA,
DESCRIPCION ) VALUES (
'2', 'Edición de ficha de unidad documental - Público', '(CLOB)', '1', 2, 1, NULL, NULL);
INSERT INTO ADFMTFICHA ( ID, NOMBRE, DEFINICION, IDFICHA, TIPO, NIVELACCESO, IDLCA,
DESCRIPCION ) VALUES (
'3', 'Consulta de ficha de serie - Público', '(CLOB)', '2', 1, 1, NULL, NULL);
INSERT INTO ADFMTFICHA ( ID, NOMBRE, DEFINICION, IDFICHA, TIPO, NIVELACCESO, IDLCA,
DESCRIPCION ) VALUES (
'4', 'Edición de ficha de serie - Público', '(CLOB)', '2', 2, 1, NULL, NULL);
INSERT INTO ADFMTFICHA ( ID, NOMBRE, DEFINICION, IDFICHA, TIPO, NIVELACCESO, IDLCA,
DESCRIPCION ) VALUES (
'5', 'Consulta de ficha de clasificador de series - Público', '(CLOB)', '3', 1, 1, NULL, NULL);
INSERT INTO ADFMTFICHA ( ID, NOMBRE, DEFINICION, IDFICHA, TIPO, NIVELACCESO, IDLCA,
DESCRIPCION ) VALUES (
'6', 'Edición de ficha de clasificador de series - Público', '(CLOB)', '3', 2, 1, NULL, NULL);
INSERT INTO ADFMTFICHA ( ID, NOMBRE, DEFINICION, IDFICHA, TIPO, NIVELACCESO, IDLCA,
DESCRIPCION ) VALUES (
'7', 'Consulta de ficha de fondo - Público', '(CLOB)', '4', 1, 1, NULL, NULL);
INSERT INTO ADFMTFICHA ( ID, NOMBRE, DEFINICION, IDFICHA, TIPO, NIVELACCESO, IDLCA,
DESCRIPCION ) VALUES (
'8', 'Edición de ficha de fondo - Público', '(CLOB)', '4', 2, 1, NULL, NULL);
INSERT INTO ADFMTFICHA ( ID, NOMBRE, DEFINICION, IDFICHA, TIPO, NIVELACCESO, IDLCA,
DESCRIPCION ) VALUES (
'9', 'Consulta de ficha ISAAR - Público', '(CLOB)', '5', 1, 1, NULL, NULL);
INSERT INTO ADFMTFICHA ( ID, NOMBRE, DEFINICION, IDFICHA, TIPO, NIVELACCESO, IDLCA,
DESCRIPCION ) VALUES (
'10', 'Edición de ficha ISAAR - Público', '(CLOB)', '5', 2, 1, NULL, NULL);

-- Nivel de acceso archivo
INSERT INTO ADFMTFICHA ( ID, NOMBRE, DEFINICION, IDFICHA, TIPO, NIVELACCESO, IDLCA,
DESCRIPCION ) VALUES (
'11', 'Consulta de ficha de unidad documental - Archivo', '(CLOB)', '1', 1, 2, NULL, NULL);
INSERT INTO ADFMTFICHA ( ID, NOMBRE, DEFINICION, IDFICHA, TIPO, NIVELACCESO, IDLCA,
DESCRIPCION ) VALUES (
'12', 'Edición de ficha de unidad documental - Archivo', '(CLOB)', '1', 2, 2, NULL, NULL);
INSERT INTO ADFMTFICHA ( ID, NOMBRE, DEFINICION, IDFICHA, TIPO, NIVELACCESO, IDLCA,
DESCRIPCION ) VALUES (
'13', 'Consulta de ficha de serie - Archivo', '(CLOB)', '2', 1, 2, NULL, NULL);
INSERT INTO ADFMTFICHA ( ID, NOMBRE, DEFINICION, IDFICHA, TIPO, NIVELACCESO, IDLCA,
DESCRIPCION ) VALUES (
'14', 'Edición de ficha de serie - Archivo', '(CLOB)', '2', 2, 2, NULL, NULL);
INSERT INTO ADFMTFICHA ( ID, NOMBRE, DEFINICION, IDFICHA, TIPO, NIVELACCESO, IDLCA,
DESCRIPCION ) VALUES (
'15', 'Consulta de ficha de clasificador de series - Archivo', '(CLOB)', '3', 1, 2, NULL, NULL);
INSERT INTO ADFMTFICHA ( ID, NOMBRE, DEFINICION, IDFICHA, TIPO, NIVELACCESO, IDLCA,
DESCRIPCION ) VALUES (
'16', 'Edición de ficha de clasificador de series - Archivo', '(CLOB)', '3', 2, 2, NULL, NULL);
INSERT INTO ADFMTFICHA ( ID, NOMBRE, DEFINICION, IDFICHA, TIPO, NIVELACCESO, IDLCA,
DESCRIPCION ) VALUES (
'17', 'Consulta de ficha de fondo - Archivo', '(CLOB)', '4', 1, 2, NULL, NULL);
INSERT INTO ADFMTFICHA ( ID, NOMBRE, DEFINICION, IDFICHA, TIPO, NIVELACCESO, IDLCA,
DESCRIPCION ) VALUES (
'18', 'Edición de ficha de fondo - Archivo', '(CLOB)', '4', 2, 2, NULL, NULL);
INSERT INTO ADFMTFICHA ( ID, NOMBRE, DEFINICION, IDFICHA, TIPO, NIVELACCESO, IDLCA,
DESCRIPCION ) VALUES (
'19', 'Consulta de ficha ISAAR - Archivo', '(CLOB)', '5', 1, 2, NULL, NULL);
INSERT INTO ADFMTFICHA ( ID, NOMBRE, DEFINICION, IDFICHA, TIPO, NIVELACCESO, IDLCA,
DESCRIPCION ) VALUES (
'20', 'Edición de ficha ISAAR - Archivo', '(CLOB)', '5', 2, 2, NULL, NULL);

INSERT INTO ADFMTFICHA ( ID, NOMBRE, DEFINICION, IDFICHA, TIPO, NIVELACCESO, IDLCA,
DESCRIPCION ) VALUES (
'21', 'Consulta de Ficha de Fracción de Serie - Público', '(CLOB)', '6', 1, 1, NULL, NULL);
INSERT INTO ADFMTFICHA ( ID, NOMBRE, DEFINICION, IDFICHA, TIPO, NIVELACCESO, IDLCA,
DESCRIPCION ) VALUES (
'22', 'Edición de ficha de Fracción de Serie - Público', '(CLOB)', '6', 2, 1, NULL, NULL);
INSERT INTO ADFMTFICHA ( ID, NOMBRE, DEFINICION, IDFICHA, TIPO, NIVELACCESO, IDLCA,
DESCRIPCION ) VALUES (
'23', 'Consulta de Ficha de Fracción de Serie - Archivo', '(CLOB)', '6', 1, 2, NULL, NULL);
INSERT INTO ADFMTFICHA ( ID, NOMBRE, DEFINICION, IDFICHA, TIPO, NIVELACCESO, IDLCA,
DESCRIPCION ) VALUES (
'24', 'Edición de ficha de Fracción de Serie - Archivo', '(CLOB)', '6', 2, 2, NULL, NULL);


------------------
-- ADOCFICHACLF --
------------------

INSERT INTO ADOCFICHACLF ( ID, NOMBRE, DEFINICION, DESCRIPCION ) VALUES (
'ID_FICHA_DOCS_SERIES', 'Ficha de Series', '(CLOB)', NULL);

----------------------
-- MAPEOS DE FICHAS --
----------------------
-- Insertar XML de mapeo para la ficha de unidad documental
INSERT INTO ASGTMAPDESCRUDOC (IDFICHA,INFO) VALUES ('1','(CLOB)');

-- Insertar XML de mapeo para la ficha de fraccion de serie
INSERT INTO ASGTMAPDESCRUDOC (IDFICHA,INFO) VALUES ('6','(CLOB)');

COMMIT;

spool off