-- TABLA idocarchdet
insert into idocarchdet (archid, dettype, detval) values(1,4,'"01.00"|"","",0,0');
insert into idocarchdet (archid, dettype, detval) values(2,4,'"01.00"|"","",0,0');
insert into idocarchdet (archid, dettype, detval) values(2,2,'"01.01"|""|1,3');
insert into idocarchdet (archid, dettype, detval) values(2,1,'"01.00"|15|1,"Número de registro",1,20,1,"Fld1",0,0,""|2,"Fecha de registro",9,0,1,"Fld2",0,0,""|3,"Usuario",1,32,1,"Fld3",0,0,""|4,"Fecha de trabajo",7,0,0,"Fld4",0,0,""|5,"Oficina de registro",4,0,1,"Fld5",0,0,""|6,"Estado",4,0,1,"Fld6",0,0,""|7,"Origen",4,0,1,"Fld7",0,0,""|8,"Destino",4,0,1,"Fld8",0,0,""|9,"Destinatarios",1,80,1,"Fld9",0,0,""|10,"Tipo de transporte",1,31,1,"Fld10",0,0,""|11,"Número de transporte",1,30,1,"Fld11",0,0,""|12,"Tipo de asunto",4,0,1,"Fld12",0,0,""|13,"Resumen",1,240,1,"Fld13",0,0,""|14,"Comentario",2,65535,1,"Fld14",0,0,""|15,"Fecha del documento",7,0,1,"Fld15",0,0,""|8|1,"SREG1",1,1,1|2,"SREG2",0,1,2|3,"SREG3",0,1,4|4,"SREG4",0,1,6|5,"SREG5",0,1,7|6,"SREG6",0,1,8|7,"SREG7",0,1,9|8,"SREG8",0,1,5');
insert into idocarchdet (archid, dettype, detval) values(2,5,'"01.00"|2147483646|1|4|8|2|2,9,"-",":"," ",1,1|0,2147483646|4|2,7,"-","","",1,0|0,2147483646|5|1,4,".","",0|0,2147483646|6|1,4,".","",0|0,2147483646|7|1,4,".","",0|0,2147483646|8|1,4,".","",0|0,2147483646|12|1,4,".","",0|0,2147483646|14|2,7,"-","","",1,0|0,2147483646');
insert into idocarchdet (archid, dettype, detval) values(4,4,'"01.00"|"","",0,0');
insert into idocarchdet (archid, dettype, detval) values(3,1,'"01.00"|15|1,"document_id",4,0,1,"Fld1",0,0,""|2,"document_name",1,250,1,"Fld2",0,0,""|3,"document_type",4,0,1,"Fld3",0,0,""|4,"procedure_id",4,0,1,"Fld4",0,0,""|5,"procedure_name",1,250,1,"Fld5",0,0,""|6,"expedient_id",4,0,1,"Fld6",0,0,""|7,"expedient_name",1,250,1,"Fld7",0,0,""|8,"user_guid",1,250,1,"Fld8",0,0,""|9,"user_name",1,250,1,"Fld9",0,0,""|10,"stage_id",4,0,1,"Fld10",0,0,""|11,"stage_name",1,250,1,"Fld11",0,0,""|12,"task_id",4,0,1,"Fld12",0,0,""|13,"task_name",1,250,1,"Fld13",0,0,""|14,"mimetype",1,250,1,"Fld14",0,0,""|15,"document_size",4,0,1,"Fld15",0,0,""|2|1,"index1",0,1,1|2,"index2",0,1,4');
insert into idocarchdet (archid, dettype, detval) values(3,2,'"01.01"|""|1,4');
insert into idocarchdet (archid, dettype, detval) values(3,5,'"01.00"|2147483646|0|7|1|1,4,".","",0|0,2147483646|3|1,4,".","",0|0,2147483646|4|1,4,".","",0|0,2147483646|6|1,4,".","",0|0,2147483646|10|1,4,".","",0|0,2147483646|12|1,4,".","",0|0,2147483646|15|1,4,".","",0|0,2147483646');
insert into idocarchdet (archid, dettype, detval) values(3,4,'"01.00"|"","",0,0');
insert into idocarchdet (archid, dettype, detval) values(4,1,'"01.00"|9|1,"Nº Expediente",1,250,1,"Fld1",0,0,""|2,"Código Procedimiento",1,250,1,"Fld2",0,0,""|3,"Fase",1,250,1,"Fld3",0,0,""|4,"Trámite",1,250,1,"Fld4",0,0,""|5,"Tipo Documento",1,250,1,"Fld5",0,0,""|6,"Firma",2,4096,1,"Fld6",0,0,""|7,"Tipo MIME",1,250,1,"Fld7",0,0,""|8,"Longitud",4,0,1,"Fld8",0,0,""|9,"Fecha Creación",7,0,1,"Fld9",0,0,""|1|1,"Nº Expediente",0,1,1');
insert into idocarchdet (archid, dettype, detval) values(4,2,'"01.01"|""|1,4');
insert into idocarchdet (archid, dettype, detval) values(4,5,'"01.00"|2147483646|0|2|8|1,4,".","",0|0,2147483646|9|2,7,"-","","",1,0|0,2147483646');
insert into idocarchdet (archid, dettype, detval) values(1,1,'"01.00"|20|1,"Número de registro",1,20,1,"Fld1",0,0,""|2,"Fecha de registro",9,0,1,"Fld2",0,0,""|3,"Usuario",1,32,1,"Fld3",0,0,""|4,"Fecha de trabajo",7,0,1,"Fld4",0,0,""|5,"Oficina de registro",4,0,1,"Fld5",0,0,""|6,"Estado",4,0,1,"Fld6",0,0,""|7,"Origen",4,0,1,"Fld7",0,0,""|8,"Destino",4,0,1,"Fld8",0,0,""|9,"Remitentes",1,80,1,"Fld9",0,0,""|10,"Nº. registro original",1,20,1,"Fld10",0,0,""|11,"Tipo de registro original",4,0,1,"Fld11",0,0,""|12,"Fecha de registro original",7,0,1,"Fld12",0,0,""|13,"Registro original",4,0,1,"Fld13",0,0,""|14,"Tipo de transporte",1,31,1,"Fld14",0,0,""|15,"Número de transporte",1,30,1,"Fld15",0,0,""|16,"Tipo de asunto",4,0,1,"Fld16",0,0,""|17,"Resumen",1,240,1,"Fld17",0,0,""|18,"Comentario",2,65535,1,"Fld18",0,0,""|19,"Referencia de Expediente",1,50,1,"Fld19",0,0,""|20,"Fecha del documento",7,0,1,"Fld20",0,0,""|8|1,"EREG1",1,1,1|2,"EREG2",0,1,2|3,"EREG3",0,1,4|4,"EREG4",0,1,6|5,"EREG5",0,1,7|6,"EREG6",0,1,8|7,"EREG7",0,1,9|8,"EREG8",0,1,5');
insert into idocarchdet (archid, dettype, detval) values(1,2,'"01.01"|""|1,3');
insert into idocarchdet (archid, dettype, detval) values(1,5,'"01.00"|2147483646|0|11|2|2,9,"-",":"," ",1,1|0,2147483646|4|2,7,"-","","",1,0|0,2147483646|5|1,4,".","",0|0,2147483646|6|1,4,".","",0|0,2147483646|7|1,4,".","",0|0,2147483646|8|1,4,".","",0|0,2147483646|11|1,4,".","",0|0,2147483646|12|2,7,"-","","",1,0|0,2147483646|13|1,4,".","",0|0,2147483646|16|1,4,".","",0|0,2147483646|20|2,7,"-","","",1,0|0,2147483646');


-- TABLA idocdatnode
insert into idocdatnode (id, type, parentid) values (1,1,0);
insert into idocdatnode (id, type, parentid) values (1,2,1);
insert into idocdatnode (id, type, parentid) values (2,2,1);
insert into idocdatnode (id, type, parentid) values (3,2,1);
insert into idocdatnode (id, type, parentid) values (4,2,1);


-- TABLA idocnextid
insert into idocnextid (type, id) values (4,1);
insert into idocnextid (type, id) values (7,1);
insert into idocnextid (type, id) values (9,1);
insert into idocnextid (type, id) values (11,1);
insert into idocnextid (type, id) values (12,1);
insert into idocnextid (type, id) values (13,1);
insert into idocnextid (type, id) values (14,1);
insert into idocnextid (type, id) values (15,1);
insert into idocnextid (type, id) values (16,1);
insert into idocnextid (type, id) values (17,2);
insert into idocnextid (type, id) values (18,1);
insert into idocnextid (type, id) values (19,1);
insert into idocnextid (type, id) values (2,5);
insert into idocnextid (type, id) values (1,2);
insert into idocnextid (type, id) values (10,20);

-- TABLA idocpreffmt
insert into idocpreffmt (archid, fmttype, userid, fmtid) values(2,1,0,10);
insert into idocpreffmt (archid, fmttype, userid, fmtid) values(2,2,0,11);
insert into idocpreffmt (archid, fmttype, userid, fmtid) values(2,3,0,12);
insert into idocpreffmt (archid, fmttype, userid, fmtid) values(1,1,3,8);
insert into idocpreffmt (archid, fmttype, userid, fmtid) values(1,2,3,7);
insert into idocpreffmt (archid, fmttype, userid, fmtid) values(1,3,3,9);
insert into idocpreffmt (archid, fmttype, userid, fmtid) values(2,1,3,10);
insert into idocpreffmt (archid, fmttype, userid, fmtid) values(2,2,3,11);
insert into idocpreffmt (archid, fmttype, userid, fmtid) values(2,3,3,12);
insert into idocpreffmt (archid, fmttype, userid, fmtid) values(3,1,0,13);
insert into idocpreffmt (archid, fmttype, userid, fmtid) values(3,2,0,14);
insert into idocpreffmt (archid, fmttype, userid, fmtid) values(3,3,0,15);
insert into idocpreffmt (archid, fmttype, userid, fmtid) values(4,1,0,16);
insert into idocpreffmt (archid, fmttype, userid, fmtid) values(4,2,0,17);
insert into idocpreffmt (archid, fmttype, userid, fmtid) values(4,3,0,18);

-- TABLA idocxnextid
insert into idocxnextid (type, parentid, id) values (3,2,1);
insert into idocxnextid (type, parentid, id) values (5,2,1);
insert into idocxnextid (type, parentid, id) values (7,2,1);
insert into idocxnextid (type, parentid, id) values (5,3,1);
insert into idocxnextid (type, parentid, id) values (3,4,55);
insert into idocxnextid (type, parentid, id) values (5,4,55);
insert into idocxnextid (type, parentid, id) values (7,4,217);
insert into idocxnextid (type, parentid, id) values (3,3,27);
insert into idocxnextid (type, parentid, id) values (7,3,28);
insert into idocxnextid (type, parentid, id) values (3,1,74);
insert into idocxnextid (type, parentid, id) values (5,1,66);
insert into idocxnextid (type, parentid, id) values (7,1,262);

-- TABLA iuserdepthdr
insert into iuserdepthdr (id, name, parentid, mgrid, type, remarks, crtrid, crtndate, updrid, upddate) values (3,'OFICINA DE REGISTRO1',0,0,1,'',0,sysdate,0,sysdate);
insert into iuserdepthdr (id, name, parentid, mgrid, type, remarks, crtrid, crtndate, updrid, upddate) values (5,'OFICINA DE REGISTRO TELEMATICO',0,3,1,'',3,sysdate,3,sysdate);
insert into iuserdepthdr (id, name, parentid, mgrid, type, remarks, crtrid, crtndate, updrid, upddate) values (4,'TRAMITACION',7,0,0,'<ORGANO><CODIGO>2</CODIGO><NIVEL>2</NIVEL><INSTITUCION>N</INSTITUCION></ORGANO>',0,sysdate,0,sysdate);
insert into iuserdepthdr (id, name, parentid, mgrid, type, remarks, crtrid, crtndate, updrid, upddate) values (6,'ARCHIVO',7,0,0,'<ORGANO><CODIGO>3</CODIGO><NIVEL>2</NIVEL><INSTITUCION>N</INSTITUCION></ORGANO>',0,sysdate,0,sysdate);
insert into iuserdepthdr (id, name, parentid, mgrid, type, remarks, crtrid, crtndate, updrid, upddate) values (7,'SIGEM',0,0,0,'<ORGANO><CODIGO>1</CODIGO><NIVEL>1</NIVEL><INSTITUCION>S</INSTITUCION></ORGANO>',0,sysdate,0,sysdate);

-- TABLA iusergenperms
insert into iusergenperms (dsttype, dstid, prodid, perms) values (2,3,3,1);
insert into iusergenperms (dsttype, dstid, prodid, perms) values (2,3,5,31);
insert into iusergenperms (dsttype, dstid, prodid, perms) values (2,3,4,0);
insert into iusergenperms (dsttype, dstid, prodid, perms) values (1,3,3,0);
insert into iusergenperms (dsttype, dstid, prodid, perms) values (1,3,5,31);
insert into iusergenperms (dsttype, dstid, prodid, perms) values (1,3,4,0);
insert into iusergenperms (dsttype, dstid, prodid, perms) values (3,1,3,0);
insert into iusergenperms (dsttype, dstid, prodid, perms) values (3,1,5,0);
insert into iusergenperms (dsttype, dstid, prodid, perms) values (3,1,4,0);
insert into iusergenperms (dsttype, dstid, prodid, perms) values (3,2,3,0);
insert into iusergenperms (dsttype, dstid, prodid, perms) values (3,2,5,0);
insert into iusergenperms (dsttype, dstid, prodid, perms) values (3,2,4,0);
insert into iusergenperms (dsttype, dstid, prodid, perms) values (3,3,3,0);
insert into iusergenperms (dsttype, dstid, prodid, perms) values (3,3,5,0);
insert into iusergenperms (dsttype, dstid, prodid, perms) values (3,3,4,0);
insert into iusergenperms (dsttype, dstid, prodid, perms) values (1,4,3,1);
insert into iusergenperms (dsttype, dstid, prodid, perms) values (1,4,5,0);
insert into iusergenperms (dsttype, dstid, prodid, perms) values (1,4,4,0);
insert into iusergenperms (dsttype, dstid, prodid, perms) values (2,5,3,1);
insert into iusergenperms (dsttype, dstid, prodid, perms) values (2,5,5,31);
insert into iusergenperms (dsttype, dstid, prodid, perms) values (2,5,4,0);
insert into iusergenperms (dsttype, dstid, prodid, perms) values (1,5,3,1);
insert into iusergenperms (dsttype, dstid, prodid, perms) values (1,5,5,0);
insert into iusergenperms (dsttype, dstid, prodid, perms) values (1,5,4,0);
insert into iusergenperms (dsttype, dstid, prodid, perms) values (2,7,3,0);
insert into iusergenperms (dsttype, dstid, prodid, perms) values (2,7,5,0);
insert into iusergenperms (dsttype, dstid, prodid, perms) values (2,7,4,0);
insert into iusergenperms (dsttype, dstid, prodid, perms) values (2,4,3,0);
insert into iusergenperms (dsttype, dstid, prodid, perms) values (2,4,5,0);
insert into iusergenperms (dsttype, dstid, prodid, perms) values (2,4,4,0);
insert into iusergenperms (dsttype, dstid, prodid, perms) values (2,6,3,0);
insert into iusergenperms (dsttype, dstid, prodid, perms) values (2,6,5,0);
insert into iusergenperms (dsttype, dstid, prodid, perms) values (2,6,4,0);
insert into iusergenperms (dsttype, dstid, prodid, perms) values (1,2,3,0);
insert into iusergenperms (dsttype, dstid, prodid, perms) values (1,2,4,0);
insert into iusergenperms (dsttype, dstid, prodid, perms) values (1,2,5,0);

--- TABLA iusergrouphdr
insert into iusergrouphdr (id, name, mgrid, type, remarks, crtrid, crtndate, updrid, upddate) values (1,'PROC-RQS',0,0,'Grupo de usuarios tramitadores de expedientes de Reclamaciones Quejas y Sugerencias',0,sysdate,null,null);
insert into iusergrouphdr (id, name, mgrid, type, remarks, crtrid, crtndate, updrid, upddate) values (2,'PROC-SUB',0,0,'Grupo de usuarios de tramitación de expedientes de Subvención',0,sysdate,null,null);
insert into iusergrouphdr (id, name, mgrid, type, remarks, crtrid, crtndate, updrid, upddate) values (3,'PROC-LOM',0,0,'Grupo de usuarios de tramitación de expedientes de Licencias de Obra Menor',0,sysdate,null,null);

-- TABLA iusergroupuser
insert into iusergroupuser (groupid, userid) values (1,4);
insert into iusergroupuser (groupid, userid) values (2,4);
insert into iusergroupuser (groupid, userid) values (3,4);

-- TABLA iusernextid
insert into iusernextid (type, id) values (3,4);
insert into iusernextid (type, id) values (4,6);
insert into iusernextid (type, id) values (1,6);
insert into iusernextid (type, id) values (2,8);
insert into iusernextid (type, id) values (5,118);

---- TABLA iuserobjhdr
insert into iuserobjhdr (id, prodid, type, extid1, extid2, extid3, ownertype, ownerid, crtrid, crtndate, updrid, upddate) values (2,3,5,2,1,0,1,0,2,sysdate,null,null);
insert into iuserobjhdr (id, prodid, type, extid1, extid2, extid3, ownertype, ownerid, crtrid, crtndate, updrid, upddate) values (3,3,5,3,1,0,1,0,0,sysdate,null,null);
insert into iuserobjhdr (id, prodid, type, extid1, extid2, extid3, ownertype, ownerid, crtrid, crtndate, updrid, upddate) values (4,3,5,4,1,0,1,0,0,sysdate,null,null);
insert into iuserobjhdr (id, prodid, type, extid1, extid2, extid3, ownertype, ownerid, crtrid, crtndate, updrid, upddate) values (5,3,4,1,0,0,1,0,0,sysdate,null,null);
insert into iuserobjhdr (id, prodid, type, extid1, extid2, extid3, ownertype, ownerid, crtrid, crtndate, updrid, upddate) values (1,3,5,1,1,0,1,0,2,sysdate,null,null);

---- TABLA iuseruserhdr
insert into iuseruserhdr (id, name, password, deptid, flags, stat, numbadcnts, remarks, crtrid, crtndate, updrid, upddate, pwdlastupdts, pwdmbc, pwdvpcheck) values (4,'tramitador','NECKEEc=',4,0,0,0,'Usuario de Tramitación',0,sysdate,null,null,322525,'N','N');
insert into iuseruserhdr (id, name, password, deptid, flags, stat, numbadcnts, remarks, crtrid, crtndate, updrid, upddate, pwdlastupdts, pwdmbc, pwdvpcheck) values (5,'archivo','OlGLWUk=',6,0,0,0,'',0,sysdate,null,null,322664,'N','N');
insert into iuseruserhdr (id, name, password, deptid, flags, stat, numbadcnts, remarks, crtrid, crtndate, updrid, upddate, pwdlastupdts, pwdmbc, pwdvpcheck) values (3,'sigem','j+rYjqY=',3,0,0,0,'',0,sysdate,null,null,322500,'N','N');
insert into iuseruserhdr (id, name, password, deptid, flags, stat, numbadcnts, remarks, crtrid, crtndate, updrid, upddate, pwdlastupdts, pwdmbc, pwdvpcheck) VALUES (2,'consulta','uP1PFF8=',7,0,0,0,'',0,sysdate,null,null,322500,'N','N');
insert into iuseruserhdr (id, name, password, deptid, flags, stat, numbadcnts, remarks, crtrid, crtndate, updrid, upddate, pwdlastupdts, pwdmbc, pwdvpcheck) values (0,'SYSSUPERUSER','ADd6PK3AWOSc5e4=',0,0,0,0,'',0,sysdate,null,null,320458,'N','N');

-- TABLA iuserusersys
insert into iuserusersys (maxbadcnts, pwdvp, pwdmbc, pwdminlen, pwdexpiredap, numpwdlock, flags, updrid, upddate) values (3,-1,'N',3,-1,1,0,2147483646,null);

-- TABLA iuserusertype
insert into iuserusertype (userid, prodid, type) values (0,1,3);
insert into iuserusertype (userid, prodid, type) values (0,2,0);
insert into iuserusertype (userid, prodid, type) values (0,3,0);
insert into iuserusertype (userid, prodid, type) values (0,4,0);
insert into iuserusertype (userid, prodid, type) values (0,5,0);
insert into iuserusertype (userid, prodid, type) values (0,6,0);
insert into iuserusertype (userid, prodid, type) values (0,7,0);
insert into iuserusertype (userid, prodid, type) values (0,8,0);
insert into iuserusertype (userid, prodid, type) values (3,1,0);
insert into iuserusertype (userid, prodid, type) values (3,2,0);
insert into iuserusertype (userid, prodid, type) values (3,3,0);
insert into iuserusertype (userid, prodid, type) values (3,4,0);
insert into iuserusertype (userid, prodid, type) values (3,5,3);
insert into iuserusertype (userid, prodid, type) values (3,6,0);
insert into iuserusertype (userid, prodid, type) values (3,7,0);
insert into iuserusertype (userid, prodid, type) values (3,8,0);
insert into iuserusertype (userid, prodid, type) values (4,1,0);
insert into iuserusertype (userid, prodid, type) values (4,2,0);
insert into iuserusertype (userid, prodid, type) values (4,3,1);
insert into iuserusertype (userid, prodid, type) values (4,4,0);
insert into iuserusertype (userid, prodid, type) values (4,5,0);
insert into iuserusertype (userid, prodid, type) values (4,6,0);
insert into iuserusertype (userid, prodid, type) values (4,7,0);
insert into iuserusertype (userid, prodid, type) values (4,8,0);
insert into iuserusertype (userid, prodid, type) values (5,1,0);
insert into iuserusertype (userid, prodid, type) values (5,2,0);
insert into iuserusertype (userid, prodid, type) values (5,3,1);
insert into iuserusertype (userid, prodid, type) values (5,4,0);
insert into iuserusertype (userid, prodid, type) values (5,5,0);
insert into iuserusertype (userid, prodid, type) values (5,6,0);
insert into iuserusertype (userid, prodid, type) values (5,7,0);
insert into iuserusertype (userid, prodid, type) values (5,8,0);
insert into iuserusertype (userid, prodid, type) values (2,1,0);
insert into iuserusertype (userid, prodid, type) values (2,2,0);
insert into iuserusertype (userid, prodid, type) values (2,3,1);
insert into iuserusertype (userid, prodid, type) values (2,4,1);
insert into iuserusertype (userid, prodid, type) values (2,5,0);
insert into iuserusertype (userid, prodid, type) values (2,6,0);
insert into iuserusertype (userid, prodid, type) values (2,7,0);
insert into iuserusertype (userid, prodid, type) values (2,8,0);
insert into iuserusertype (userid, prodid, type) values (2,9,3);
insert into iuserusertype (userid, prodid, type) values (2,10,3);

-- TABLA ivolactdir
--insert into ivolactdir (volid, actdir, numfiles) values (2,1,1);
--insert into ivolactdir (volid, actdir, numfiles) values (3,1,3);
--insert into ivolactdir (volid, actdir, numfiles) values (1,1,0);
--insert into ivolactdir (volid, actdir, numfiles) values (5,1,21);
--insert into ivolactdir (volid, actdir, numfiles) values (4,1,176);
--insert into ivolactdir (volid, actdir, numfiles) values (6,1,0);

-- TABLA ivolarchlist
insert into ivolarchlist (archid, listid) values (1,3);
insert into ivolarchlist (archid, listid) values (2,3);
insert into ivolarchlist (archid, listid) values (3,4);
insert into ivolarchlist (archid, listid) values (4,5);

-- TABLA ivollisthdr
insert into ivollisthdr (id, name, flags, stat, remarks, crtrid, crtndate, updrid, upddate) values (3,'ListaRegistro01',0,0,'',0,sysdate,null,null);
insert into ivollisthdr (id, name, flags, stat, remarks, crtrid, crtndate, updrid, upddate) values (4,'ListaTramitador01',0,0,'',0,sysdate,null,null);
insert into ivollisthdr (id, name, flags, stat, remarks, crtrid, crtndate, updrid, upddate) values (5,'ListaTramitadorSegura01',0,0,'',0,sysdate,null,null);
insert into ivollisthdr (id, name, flags, stat, remarks, crtrid, crtndate, updrid, upddate) values (6,'ListaArchivo01',0,0,'',0,sysdate,null,null);

-- TABLA ivollistvol
--insert into ivollistvol (listid, volid, sortorder) values (1,2,1);
--insert into ivollistvol (listid, volid, sortorder) values (3,4,1);
--insert into ivollistvol (listid, volid, sortorder) values (4,5,1);
--insert into ivollistvol (listid, volid, sortorder) values (6,6,1);

-- TABLA ivolnextid
insert into ivolnextid (type, id) values (4,504);
insert into ivolnextid (type, id) values (1,8);
insert into ivolnextid (type, id) values (2,7);
insert into ivolnextid (type, id) values (3,7);

-- TABLA ivolrephdr
--insert into ivolrephdr (id, name, type, info, stat, remarks, crtrid, crtndate, updrid, upddate) values (5,'SIGEM_REGISTRO',1,'"01.01"|"127.0.0.1,21,sigem,Ok04ddM=,/home/sigem/000_REPOSITORIO_REGISTRO"|1|3|3|0|0',0,'',0,sysdate,null,null);
--insert into ivolrephdr (id, name, type, info, stat, remarks, crtrid, crtndate, updrid, upddate) values (6,'SIGEM_TRAMITACION',1,'"01.01"|"127.0.0.1,21,sigem,Ok04ddM=,/home/sigem/000_SIGEM_TRAMITACION"|1|3|3|0|0',0,'',0,sysdate,null,null);
--insert into ivolrephdr (id, name, type, info, stat, remarks, crtrid, crtndate, updrid, upddate) values (7,'SIGEM_ARCHIVO',1,'"01.01"|"127.0.0.1,21,sigem,Ok04ddM=,/home/sigem/000_SIGEM_ARCHIVO"|1|3|3|0|0',0,'',0,sysdate,null,null);

-- TABLA ivolvolhdr
--insert into ivolvolhdr (id, name, repid, info, itemp, actsize, numfiles, stat, remarks, crtrid, crtndate, updrid, upddate) values (4,'Volumen01',5,'"01.01"|1|"Volumen01"|"524288000"|0',0,'0.',100,0,'',0,sysdate,null,null);
--insert into ivolvolhdr (id, name, repid, info, itemp, actsize, numfiles, stat, remarks, crtrid, crtndate, updrid, upddate) values (5,'TramitadorVol01',6,'"01.01"|1|"TramitadorVol01"|"524288000"|0',0,'819360.',15,0,'',0,sysdate,null,null);
--insert into ivolvolhdr (id, name, repid, info, itemp, actsize, numfiles, stat, remarks, crtrid, crtndate, updrid, upddate) values (6,'ArchivoVol01',7,'"01.01"|1|"ArchivoVol01"|"524288000"|0',0,'0',0,0,'',0,sysdate,null,null);

-- TABLA idocarchhdr
insert into idocarchhdr (id, name, tblprefix, type, flags, remarks, accesstype, acsid, crtrid, crtndate, updrid, upddate) values (3,'Documentos Electrónicos','A3',0,0,'',0,3,0,sysdate,0,sysdate);
insert into idocarchhdr (id, name, tblprefix, type, flags, remarks, accesstype, acsid, crtrid, crtndate, updrid, upddate) values (4,'Documentos Electrónicos Firmados','A4',0,0,'Repositorio de documentos electrónicos (RDE) firmados',0,4,0,sysdate,0,sysdate);
insert into idocarchhdr (id, name, tblprefix, type, flags, remarks, accesstype, acsid, crtrid, crtndate, updrid, upddate) values (2,'Libro de Salida','A2',2,0,'',0,2,2,sysdate,3,sysdate);
insert into idocarchhdr (id, name, tblprefix, type, flags, remarks, accesstype, acsid, crtrid, crtndate, updrid, upddate) values (1,'Libro de Entrada','A1',1,0,'',0,1,2,sysdate,0,sysdate);

-- TABLA idocdbinfo
insert into idocdbinfo (id, name, graldbname, graldbuser, graldbpassword, misc) values (1,'Local','','','','"01.04"|"9.2.0"|2|"doc","txt"|0,0,""|0');

-- TABLA idocdirhdr
insert into idocdirhdr (id, name, type, flags, remarks, accesstype, acsid, crtrid, crtndate, updrid, upddate) values (1,'SIGEM',0,0,'',1,5,0,sysdate,0,null);
