/**
 * PARTE COMUN DE INICIALIZACION.
 */

-- ******* --
-- SISTEMA --
-- ******* --

INSERT INTO AGNIVELARCHIVO(ID, NOMBRE, DESCRIPCION, ORDEN)
VALUES ('00000000000000000000000000000001', 'Departament', 'Departamental Archive', 1);

INSERT INTO AGARCHIVO ( ID, CODIGO, NOMBRE, IDNIVEL, IDRECEPTORDEFECTO, NOMBRECORTO ) VALUES (
'00000000000000000000000000000001', '001', 'Archival Service', '00000000000000000000000000000001', null, 'GENERAL ARCHIVE');

INSERT INTO AGFORMATO(ID, NOMBRE, TIPO, ESMULTIDOC, REGULAR, LONGITUD, XINFO, VIGENTE)
VALUES ('00000000000000000000000000000001', 'Regular (30x20x30)', 1, 1, 1, 30, null, 1);

INSERT INTO AGFORMATO(ID, NOMBRE, TIPO, ESMULTIDOC, REGULAR, LONGITUD, XINFO, VIGENTE)
VALUES ('00000000000000000000000000000000', 'Irregular Format', 0, 0, 0, null, null, 1);

INSERT INTO AGFORMATO(ID, NOMBRE, TIPO, ESMULTIDOC, REGULAR, LONGITUD, XINFO, VIGENTE)
VALUES ('00000000000000000000000000000002', 'Regular (50x20x30)', 1, 1, 1, 50, null, 1);

-- **************** --
-- INSERT AUDITORIA --
-- **************** --

---------------------------
-- ACCIONES de AUDITORIA --
---------------------------

INSERT INTO AANAUDITACCION ( MODULO, ACCION, NIVEL ) VALUES (
1, 1202, 100);
INSERT INTO AANAUDITACCION ( MODULO, ACCION, NIVEL ) VALUES (
1, 1201, 100);
INSERT INTO AANAUDITACCION ( MODULO, ACCION, NIVEL ) VALUES (
1, 1200, 100);

-- ********************* --
-- INSERT CONTROL ACCESO --
-- ********************* --

-----------
-- Roles --
-----------

INSERT INTO ASCAROL(ID, NOMBRE, TIPOMODULO, DESCRIPCION)
VALUES ('1', 'System Administrators', 1, null);

INSERT INTO ASCAROL(ID, NOMBRE, TIPOMODULO, DESCRIPCION)
VALUES ('2', 'Researches', 1, null);

INSERT INTO ASCAROL(ID, NOMBRE, TIPOMODULO, DESCRIPCION)
VALUES ('3', 'Manager of Automated Transfers in departament', 2, null);

INSERT INTO ASCAROL(ID, NOMBRE, TIPOMODULO, DESCRIPCION)
VALUES ('4', 'Manager of transfers in Departament', 2, null);

INSERT INTO ASCAROL(ID, NOMBRE, TIPOMODULO, DESCRIPCION)
VALUES ('5', 'Administrator of transfers in departament', 2, null);

INSERT INTO ASCAROL(ID, NOMBRE, TIPOMODULO, DESCRIPCION)
VALUES ('6', 'Manager of transfers in archive', 2, null);

INSERT INTO ASCAROL(ID, NOMBRE, TIPOMODULO, DESCRIPCION)
VALUES ('7', 'Administrator of transfers in archive', 2, null);

INSERT INTO ASCAROL(ID, NOMBRE, TIPOMODULO, DESCRIPCION)
VALUES ('8', 'Warehouse operator', 4, null);

INSERT INTO ASCAROL(ID, NOMBRE, TIPOMODULO, DESCRIPCION)
VALUES ('9', 'Warehouse administrator', 4, null);

INSERT INTO ASCAROL(ID, NOMBRE, TIPOMODULO, DESCRIPCION)
VALUES ('10', 'Series manager', 5, null);

INSERT INTO ASCAROL(ID, NOMBRE, TIPOMODULO, DESCRIPCION)
VALUES ('11', 'Series administrator', 5, null);

INSERT INTO ASCAROL(ID, NOMBRE, TIPOMODULO, DESCRIPCION)
VALUES ('12', 'Holdings administrator', 5, null);

INSERT INTO ASCAROL(ID, NOMBRE, TIPOMODULO, DESCRIPCION)
VALUES ('13', 'Descritions manager', 6, null);

INSERT INTO ASCAROL(ID, NOMBRE, TIPOMODULO, DESCRIPCION)
VALUES ('14', 'Descriptions administrator', 6, null);

INSERT INTO ASCAROL(ID, NOMBRE, TIPOMODULO, DESCRIPCION)
VALUES ('15', 'Descriptions browser', 6, null);

INSERT INTO ASCAROL(ID, NOMBRE, TIPOMODULO, DESCRIPCION)
VALUES ('16', 'Holdings browser', 5, null);

INSERT INTO ASCAROL(ID, NOMBRE, TIPOMODULO, DESCRIPCION)
VALUES ('17', 'User administrator', 7, null);

INSERT INTO ASCAROL(ID, NOMBRE, TIPOMODULO, DESCRIPCION)
VALUES ('18', 'Loans requester', 3, null);

INSERT INTO ASCAROL(ID, NOMBRE, TIPOMODULO, DESCRIPCION)
VALUES ('19', 'Loans manager in departament', 3, null);

INSERT INTO ASCAROL(ID, NOMBRE, TIPOMODULO, DESCRIPCION)
VALUES ('20', 'Loans manager in archive', 3, null);

INSERT INTO ASCAROL(ID, NOMBRE, TIPOMODULO, DESCRIPCION)
VALUES ('21', 'Loans and browsing administrator in archive', 3, null);

INSERT INTO ASCAROL(ID, NOMBRE, TIPOMODULO, DESCRIPCION)
VALUES ('22', 'Browsing manager', 3, null);

INSERT INTO ASCAROL(ID, NOMBRE, TIPOMODULO, DESCRIPCION)
VALUES ('23', 'Loans and browsin manager in warehouse', 3, null);

INSERT INTO ASCAROL(ID, NOMBRE, TIPOMODULO, DESCRIPCION)
VALUES ('24', 'Browsing Requester', 3, null);

INSERT INTO ASCAROL(ID, NOMBRE, TIPOMODULO, DESCRIPCION)
VALUES ('ID_ROL_USUARIOS_EXTERNOS', 'External user', 1, 'Profile for all external users');

INSERT INTO ASCAROL(ID, NOMBRE, TIPOMODULO, DESCRIPCION)
VALUES ('25', 'Tasks manager', 10, null);

INSERT INTO ASCAROL(ID, NOMBRE, TIPOMODULO, DESCRIPCION)
VALUES ('26', 'Scanning operator', 10, null);

INSERT INTO ASCAROL(ID, NOMBRE, TIPOMODULO, DESCRIPCION)
VALUES ('27', 'Administrator for vital documents', 8, null);

INSERT INTO ASCAROL(ID, NOMBRE, TIPOMODULO, DESCRIPCION)
VALUES ('28', 'Browsing of vital documents', 8, null);

INSERT INTO ASCAROL (ID,NOMBRE, TIPOMODULO,DESCRIPCION)
VALUES('ID_ROL_WS_TRANSFERENCIAS','Transfers Web Service','2','Permissions to execute Transferes Web Service');


---------------------------------------------
-- Permisos genéricos asociados a cada rol --
---------------------------------------------

-- Administradores del sistema --

INSERT INTO ASCAPERMGENROL( IDROL, TIPOMODULO, PERM) VALUES (
'1', 1, 100);

-- Consultores del sistema --

INSERT INTO ASCAPERMGENROL( IDROL, TIPOMODULO, PERM) VALUES (
'2', 1, 101);

-- Gestor de transferencias ordinarias en oficina --

INSERT INTO ASCAPERMGENROL( IDROL, TIPOMODULO, PERM) VALUES (
'3', 2, 200);

-- Gestor de transferencias  en oficina --

INSERT INTO ASCAPERMGENROL( IDROL, TIPOMODULO, PERM) VALUES (
'4', 2, 200);
INSERT INTO ASCAPERMGENROL( IDROL, TIPOMODULO, PERM) VALUES (
'4', 2, 202);

-- Administrador de transferencias  en oficina --

INSERT INTO ASCAPERMGENROL( IDROL, TIPOMODULO, PERM) VALUES (
'5', 2, 200);
INSERT INTO ASCAPERMGENROL( IDROL, TIPOMODULO, PERM) VALUES (
'5', 2, 202);
INSERT INTO ASCAPERMGENROL( IDROL, TIPOMODULO, PERM) VALUES (
'5', 2, 204);

-- Gestor de transferencias en archivo --

INSERT INTO ASCAPERMGENROL( IDROL, TIPOMODULO, PERM) VALUES (
'6', 2, 201);
INSERT INTO ASCAPERMGENROL( IDROL, TIPOMODULO, PERM) VALUES (
'6', 2, 203);
INSERT INTO ASCAPERMGENROL( IDROL, TIPOMODULO, PERM) VALUES (
'6', 2, 204);
INSERT INTO ASCAPERMGENROL( IDROL, TIPOMODULO, PERM) VALUES (
'6', 2, 206);

-- Administrador de transferencias en archivo --

INSERT INTO ASCAPERMGENROL( IDROL, TIPOMODULO, PERM) VALUES (
'7', 2, 201);
INSERT INTO ASCAPERMGENROL( IDROL, TIPOMODULO, PERM) VALUES (
'7', 2, 203);
INSERT INTO ASCAPERMGENROL( IDROL, TIPOMODULO, PERM) VALUES (
'7', 2, 204);
INSERT INTO ASCAPERMGENROL( IDROL, TIPOMODULO, PERM) VALUES (
'7', 2, 205);
INSERT INTO ASCAPERMGENROL( IDROL, TIPOMODULO, PERM) VALUES (
'7', 2, 206);

-- Operario de depósito --

INSERT INTO ASCAPERMGENROL( IDROL, TIPOMODULO, PERM) VALUES (
'8', 2, 207);
INSERT INTO ASCAPERMGENROL( IDROL, TIPOMODULO, PERM) VALUES (
'8', 2, 208);
INSERT INTO ASCAPERMGENROL( IDROL, TIPOMODULO, PERM) VALUES (
'8', 3, 306);

-- Gestor de depósito --

INSERT INTO ASCAPERMGENROL( IDROL, TIPOMODULO, PERM) VALUES (
'8', 4, 400);
INSERT INTO ASCAPERMGENROL( IDROL, TIPOMODULO, PERM) VALUES (
'8', 4, 401);

-- Administrador de depósito --
INSERT INTO ASCAPERMGENROL( IDROL, TIPOMODULO, PERM) VALUES (
'9', 2, 207);
INSERT INTO ASCAPERMGENROL( IDROL, TIPOMODULO, PERM) VALUES (
'9', 2, 208);
INSERT INTO ASCAPERMGENROL( IDROL, TIPOMODULO, PERM) VALUES (
'9', 3, 306);
INSERT INTO ASCAPERMGENROL( IDROL, TIPOMODULO, PERM) VALUES (
'9', 4, 400);
INSERT INTO ASCAPERMGENROL( IDROL, TIPOMODULO, PERM) VALUES (
'9', 4, 401);
INSERT INTO ASCAPERMGENROL( IDROL, TIPOMODULO, PERM) VALUES (
'9', 4, 402);
INSERT INTO ASCAPERMGENROL( IDROL, TIPOMODULO, PERM) VALUES (
'9', 4, 403);
INSERT INTO ASCAPERMGENROL( IDROL, TIPOMODULO, PERM) VALUES (
'9', 4, 404);


-- Gestor de series --

INSERT INTO ASCAPERMGENROL( IDROL, TIPOMODULO, PERM) VALUES (
'10', 5, 500);
INSERT INTO ASCAPERMGENROL( IDROL, TIPOMODULO, PERM) VALUES (
'10', 5, 501);
INSERT INTO ASCAPERMGENROL( IDROL, TIPOMODULO, PERM) VALUES (
'10', 5, 502);
INSERT INTO ASCAPERMGENROL( IDROL, TIPOMODULO, PERM) VALUES (
'10', 5, 600);
INSERT INTO ASCAPERMGENROL( IDROL, TIPOMODULO, PERM) VALUES (
'10', 5, 900);

-- Administrador de series --

INSERT INTO ASCAPERMGENROL( IDROL, TIPOMODULO, PERM) VALUES (
'11', 5, 500);
INSERT INTO ASCAPERMGENROL( IDROL, TIPOMODULO, PERM) VALUES (
'11', 5, 501);
INSERT INTO ASCAPERMGENROL( IDROL, TIPOMODULO, PERM) VALUES (
'11', 5, 502);
INSERT INTO ASCAPERMGENROL( IDROL, TIPOMODULO, PERM) VALUES (
'11', 5, 503);
INSERT INTO ASCAPERMGENROL( IDROL, TIPOMODULO, PERM) VALUES (
'11', 5, 504);
INSERT INTO ASCAPERMGENROL( IDROL, TIPOMODULO, PERM) VALUES (
'11', 5, 600);
INSERT INTO ASCAPERMGENROL( IDROL, TIPOMODULO, PERM) VALUES (
'11', 5, 601);
INSERT INTO ASCAPERMGENROL( IDROL, TIPOMODULO, PERM) VALUES (
'11', 5, 900);
INSERT INTO ASCAPERMGENROL( IDROL, TIPOMODULO, PERM) VALUES (
'11', 5, 901);
INSERT INTO ASCAPERMGENROL( IDROL, TIPOMODULO, PERM) VALUES (
'11', 5, 1000);
INSERT INTO ASCAPERMGENROL( IDROL, TIPOMODULO, PERM) VALUES (
'11', 5, 1001);
INSERT INTO ASCAPERMGENROL( IDROL, TIPOMODULO, PERM) VALUES (
'11', 5, 1002);

-- Administrador funcional de fondos --

INSERT INTO ASCAPERMGENROL( IDROL, TIPOMODULO, PERM) VALUES (
'12', 5, 500);
INSERT INTO ASCAPERMGENROL( IDROL, TIPOMODULO, PERM) VALUES (
'12', 5, 501);
INSERT INTO ASCAPERMGENROL( IDROL, TIPOMODULO, PERM) VALUES (
'12', 5, 503);
INSERT INTO ASCAPERMGENROL( IDROL, TIPOMODULO, PERM) VALUES (
'12', 5, 504);
INSERT INTO ASCAPERMGENROL( IDROL, TIPOMODULO, PERM) VALUES (
'12', 5, 505);
INSERT INTO ASCAPERMGENROL( IDROL, TIPOMODULO, PERM) VALUES (
'12', 5, 506);
INSERT INTO ASCAPERMGENROL( IDROL, TIPOMODULO, PERM) VALUES (
'12', 5, 507);
INSERT INTO ASCAPERMGENROL( IDROL, TIPOMODULO, PERM) VALUES (
'12', 5, 900);
INSERT INTO ASCAPERMGENROL( IDROL, TIPOMODULO, PERM) VALUES (
'12', 5, 901);

-- Gestor de descripción --

INSERT INTO ASCAPERMGENROL( IDROL, TIPOMODULO, PERM) VALUES (
'13', 6, 600);
INSERT INTO ASCAPERMGENROL( IDROL, TIPOMODULO, PERM) VALUES (
'13', 6, 601);
INSERT INTO ASCAPERMGENROL( IDROL, TIPOMODULO, PERM) VALUES (
'13', 6, 604);
INSERT INTO ASCAPERMGENROL( IDROL, TIPOMODULO, PERM) VALUES (
'13', 6, 605);
INSERT INTO ASCAPERMGENROL( IDROL, TIPOMODULO, PERM) VALUES (
'13', 6, 900);
INSERT INTO ASCAPERMGENROL( IDROL, TIPOMODULO, PERM) VALUES (
'13', 6, 901);

-- Administrador de descripción --

INSERT INTO ASCAPERMGENROL( IDROL, TIPOMODULO, PERM) VALUES (
'14', 6, 600);
INSERT INTO ASCAPERMGENROL( IDROL, TIPOMODULO, PERM) VALUES (
'14', 6, 601);
INSERT INTO ASCAPERMGENROL( IDROL, TIPOMODULO, PERM) VALUES (
'14', 6, 602);
INSERT INTO ASCAPERMGENROL( IDROL, TIPOMODULO, PERM) VALUES (
'14', 6, 603);
INSERT INTO ASCAPERMGENROL( IDROL, TIPOMODULO, PERM) VALUES (
'14', 6, 604);
INSERT INTO ASCAPERMGENROL( IDROL, TIPOMODULO, PERM) VALUES (
'14', 6, 605);
INSERT INTO ASCAPERMGENROL( IDROL, TIPOMODULO, PERM) VALUES (
'14', 6, 900);
INSERT INTO ASCAPERMGENROL( IDROL, TIPOMODULO, PERM) VALUES (
'14', 6, 901);

-- Consultor de descripción --

INSERT INTO ASCAPERMGENROL( IDROL, TIPOMODULO, PERM) VALUES (
'15', 6, 600);
INSERT INTO ASCAPERMGENROL( IDROL, TIPOMODULO, PERM) VALUES (
'15', 6, 604);
INSERT INTO ASCAPERMGENROL( IDROL, TIPOMODULO, PERM) VALUES (
'15', 6, 900);

-- Consultor de fondo --

INSERT INTO ASCAPERMGENROL( IDROL, TIPOMODULO, PERM) VALUES (
'16', 5, 500);
INSERT INTO ASCAPERMGENROL( IDROL, TIPOMODULO, PERM) VALUES (
'16', 6, 600);

-- Administrador de usuarios --

INSERT INTO ASCAPERMGENROL( IDROL, TIPOMODULO, PERM) VALUES (
'17', 7, 700);
INSERT INTO ASCAPERMGENROL( IDROL, TIPOMODULO, PERM) VALUES (
'17', 7, 701);

-- Solicitante de préstamos --

INSERT INTO ASCAPERMGENROL( IDROL, TIPOMODULO, PERM) VALUES (
'18', 3, 300);

-- Gestor de préstamos en oficina --

INSERT INTO ASCAPERMGENROL( IDROL, TIPOMODULO, PERM) VALUES (
'19', 3, 300);
INSERT INTO ASCAPERMGENROL( IDROL, TIPOMODULO, PERM) VALUES (
'19', 3, 303);

-- Gestor de préstamos en archivo --

INSERT INTO ASCAPERMGENROL( IDROL, TIPOMODULO, PERM) VALUES (
'20', 3, 300);
INSERT INTO ASCAPERMGENROL( IDROL, TIPOMODULO, PERM) VALUES (
'20', 3, 301);
INSERT INTO ASCAPERMGENROL( IDROL, TIPOMODULO, PERM) VALUES (
'20', 3, 302);
INSERT INTO ASCAPERMGENROL( IDROL, TIPOMODULO, PERM) VALUES (
'20', 3, 303);

-- Administrador de préstamos y consultas en archivo --

INSERT INTO ASCAPERMGENROL( IDROL, TIPOMODULO, PERM) VALUES (
'21', 3, 300);
INSERT INTO ASCAPERMGENROL( IDROL, TIPOMODULO, PERM) VALUES (
'21', 3, 301);
INSERT INTO ASCAPERMGENROL( IDROL, TIPOMODULO, PERM) VALUES (
'21', 3, 302);
INSERT INTO ASCAPERMGENROL( IDROL, TIPOMODULO, PERM) VALUES (
'21', 3, 303);
INSERT INTO ASCAPERMGENROL( IDROL, TIPOMODULO, PERM) VALUES (
'21', 3, 304);
INSERT INTO ASCAPERMGENROL( IDROL, TIPOMODULO, PERM) VALUES (
'21', 3, 305);

-- Gestor de consultas --

INSERT INTO ASCAPERMGENROL( IDROL, TIPOMODULO, PERM) VALUES (
'22', 3, 305);

-- Gestor de depósito (entrega de préstamos y consultas) --

INSERT INTO ASCAPERMGENROL( IDROL, TIPOMODULO, PERM) VALUES (
'23', 3, 306);

-- Solicitante de consultas --

INSERT INTO ASCAPERMGENROL( IDROL, TIPOMODULO, PERM) VALUES (
'24', 3, 304);



-- Usuarios externos --

-- INSERT INTO ASCAPERMGENROL( IDROL, TIPOMODULO, PERM) VALUES (
-- 'ID_ROL_USUARIOS_EXTERNOS', 3, 304);
-- INSERT INTO ASCAPERMGENROL( IDROL, TIPOMODULO, PERM) VALUES (
-- 'ID_ROL_USUARIOS_EXTERNOS', 6, 600);
-- INSERT INTO ASCAPERMGENROL( IDROL, TIPOMODULO, PERM) VALUES (
-- 'ID_ROL_USUARIOS_EXTERNOS', 6, 604);

-------- Usuarios de tareas de digitalizacion -------------

-- Administrador de tareas --



INSERT INTO ASCAPERMGENROL( IDROL, TIPOMODULO, PERM) VALUES (
'25', 10, 500);
INSERT INTO ASCAPERMGENROL( IDROL, TIPOMODULO, PERM) VALUES (
'25', 10, 604);
INSERT INTO ASCAPERMGENROL( IDROL, TIPOMODULO, PERM) VALUES (
'25', 10, 900);
INSERT INTO ASCAPERMGENROL( IDROL, TIPOMODULO, PERM) VALUES (
'25', 10, 902);


-- Operario de captura --

INSERT INTO ASCAPERMGENROL( IDROL, TIPOMODULO, PERM) VALUES (
'26', 10, 900);
INSERT INTO ASCAPERMGENROL( IDROL, TIPOMODULO, PERM) VALUES (
'26', 10, 903);


-------- Usuarios de documentos vitales -------------

-- Administrador de documentos vitales --

INSERT INTO ASCAPERMGENROL( IDROL, TIPOMODULO, PERM) VALUES (
'27', 8, 800);
INSERT INTO ASCAPERMGENROL( IDROL, TIPOMODULO, PERM) VALUES (
'27', 8, 801);

-- Consulta de documentos vitales --
INSERT INTO ASCAPERMGENROL( IDROL, TIPOMODULO, PERM) VALUES (
'28', 10, 800);

-- Servicio Web de Transferencias

--Ampliado de Elaboración de Transferencias Ordinarias
INSERT INTO ASCAPERMGENROL (IDROL, TIPOMODULO, PERM)
VALUES('ID_ROL_WS_TRANSFERENCIAS',2,201);

--Ubicación de Relaciones de Entrega
INSERT INTO ASCAPERMGENROL (IDROL, TIPOMODULO, PERM)
VALUES('ID_ROL_WS_TRANSFERENCIAS',2,207);

-- Consulta de Cuadro de Clasificación
INSERT INTO ASCAPERMGENROL (IDROL, TIPOMODULO, PERM)
VALUES('ID_ROL_WS_TRANSFERENCIAS',2,500);

--Solicitud de Alta de Serie
INSERT INTO ASCAPERMGENROL (IDROL, TIPOMODULO, PERM)
VALUES('ID_ROL_WS_TRANSFERENCIAS',2,501);

-- Gestor de Serie
INSERT INTO ASCAPERMGENROL (IDROL, TIPOMODULO, PERM)
VALUES('ID_ROL_WS_TRANSFERENCIAS',2,502);

-- Gestión de Solicitudes de Serie
INSERT INTO ASCAPERMGENROL (IDROL, TIPOMODULO, PERM)
VALUES('ID_ROL_WS_TRANSFERENCIAS',2,503);

-- Creación en el Cuadro de Clasificación
INSERT INTO ASCAPERMGENROL (IDROL, TIPOMODULO, PERM)
VALUES('ID_ROL_WS_TRANSFERENCIAS',2,505);

-- Consulta de Descripción en el Cuadro de Clasificación
INSERT INTO ASCAPERMGENROL (IDROL, TIPOMODULO, PERM)
VALUES('ID_ROL_WS_TRANSFERENCIAS',2,600);

-- Edición de Descripción en el Cuadro de Clasificación
INSERT INTO ASCAPERMGENROL (IDROL, TIPOMODULO, PERM)
VALUES('ID_ROL_WS_TRANSFERENCIAS',2,601);

-- Administración de Descripción
INSERT INTO ASCAPERMGENROL (IDROL, TIPOMODULO, PERM)
VALUES('ID_ROL_WS_TRANSFERENCIAS',2,606);

-- Uso de Ficha Descriptiva en Altas/Relaciones
INSERT INTO ASCAPERMGENROL (IDROL, TIPOMODULO, PERM)
VALUES('ID_ROL_WS_TRANSFERENCIAS',2,607);

--Administración de Usuarios, Órganos, Grupos y Perfiles
INSERT INTO ASCAPERMGENROL (IDROL, TIPOMODULO, PERM)
VALUES('ID_ROL_WS_TRANSFERENCIAS',2,701);

-- Consulta de Documentos Electrónicos
INSERT INTO ASCAPERMGENROL (IDROL, TIPOMODULO, PERM)
VALUES('ID_ROL_WS_TRANSFERENCIAS',2,900);

--Edición de Documentos Electrónicos
INSERT INTO ASCAPERMGENROL (IDROL, TIPOMODULO, PERM)
VALUES('ID_ROL_WS_TRANSFERENCIAS',2,901);

--------------
-- Usuarios --
--------------

INSERT INTO ASCAGRUPO(ID, NOMBRE, IDARCHIVO, DESCRIPCION)
VALUES ('0', 'GLOBAL GROUP', null, 'All Users Group users for Audit Trail');

INSERT INTO ASCAGRUPO(ID, NOMBRE, IDARCHIVO, DESCRIPCION)
VALUES ('g0000000000000000000000000000001', 'National Archive staff', '00000000000000000000000000000001', 'Users Group for National Archive Staff');

INSERT INTO ASCAGRUPO (ID, NOMBRE, IDARCHIVO, DESCRIPCION)
VALUES ('1', 'ADMINISTRATORS GROUP', NULL, 'Users Group for Administators Audit Trail');

-- ******** --
-- DEPOSITO --
-- ******** --

INSERT INTO ASGDTIPOELEMENTO ( ID, NOMBRE, NOMBREABREV, IDPADRE, ASIGNABLE,DESCRIPCION, CARACTERORDEN, TIPOORD )
	VALUES ( '00000000000000000000000000000001', 'Place', 'Place', NULL, 0, NULL,'U', 1);
INSERT INTO ASGDTIPOELEMENTO ( ID, NOMBRE, NOMBREABREV, IDPADRE, ASIGNABLE,DESCRIPCION, CARACTERORDEN, TIPOORD )
	VALUES ( '00000000000000000000000000000002', 'Warehouse', 'Warehouse', '00000000000000000000000000000001', 0, NULL,'D', 1);
INSERT INTO ASGDTIPOELEMENTO ( ID, NOMBRE, NOMBREABREV, IDPADRE, ASIGNABLE,DESCRIPCION, CARACTERORDEN, TIPOORD )
	VALUES ( '00000000000000000000000000000003', 'Module', 'Module', '00000000000000000000000000000002', 0, NULL,'M', 1);
INSERT INTO ASGDTIPOELEMENTO ( ID, NOMBRE, NOMBREABREV, IDPADRE, ASIGNABLE,DESCRIPCION, CARACTERORDEN, TIPOORD )
	VALUES ( '00000000000000000000000000000004', 'Shelf', 'Shelf', '00000000000000000000000000000003', 1, NULL,'B', 1);
INSERT INTO ASGDTIPOELEMENTO ( ID, NOMBRE, NOMBREABREV, IDPADRE, ASIGNABLE,DESCRIPCION, CARACTERORDEN, TIPOORD )
	VALUES ( '00000000000000000000000000000005', 'Maps Shelf', 'Maps Shelf', '00000000000000000000000000000002', 0, NULL,'P', 1);
INSERT INTO ASGDTIPOELEMENTO ( ID, NOMBRE, NOMBREABREV, IDPADRE, ASIGNABLE,DESCRIPCION, CARACTERORDEN, TIPOORD )
	VALUES ( '00000000000000000000000000000006', 'Maps Drawer', 'Maps Drawer', '00000000000000000000000000000005', 1, NULL,'C', 1);


-- *********** --
-- DESCRIPCION --
-- *********** --

------------
-- ADAREA --
------------

INSERT INTO ADAREA(ID, NOMBRE, TIPONORMA, DESCRIPCION)
VALUES ('1', 'Identity statement Area', 1, null);

INSERT INTO ADAREA(ID, NOMBRE, TIPONORMA, DESCRIPCION)
VALUES ('2', 'Context Area', 1, null);

INSERT INTO ADAREA(ID, NOMBRE, TIPONORMA, DESCRIPCION)
VALUES ('3', 'Content and Structure Area', 1, null);

INSERT INTO ADAREA(ID, NOMBRE, TIPONORMA, DESCRIPCION)
VALUES ('4', 'Conditions of access and use area', 1, null);

INSERT INTO ADAREA(ID, NOMBRE, TIPONORMA, DESCRIPCION)
VALUES ('5', 'Allied materials area', 1, null);

INSERT INTO ADAREA(ID, NOMBRE, TIPONORMA, DESCRIPCION)
VALUES ('6', 'Notes Area', 1, null);

INSERT INTO ADAREA(ID, NOMBRE, TIPONORMA, DESCRIPCION)
VALUES ('7', 'Description Control Area', 1, null);

INSERT INTO ADAREA(ID, NOMBRE, TIPONORMA, DESCRIPCION)
VALUES ('8', 'Acess points Area', 1, null);

INSERT INTO ADAREA(ID, NOMBRE, TIPONORMA, DESCRIPCION)
VALUES ('9', 'Identity statement area', 2, null);

INSERT INTO ADAREA(ID, NOMBRE, TIPONORMA, DESCRIPCION)
VALUES ('10', 'Description area', 2, null);

INSERT INTO ADAREA(ID, NOMBRE, TIPONORMA, DESCRIPCION)
VALUES ('11', 'Allied Materials area', 2, null);

INSERT INTO ADAREA(ID, NOMBRE, TIPONORMA, DESCRIPCION)
VALUES ('12', 'Control Area', 2, null);

INSERT INTO ADAREA(ID, NOMBRE, TIPONORMA, DESCRIPCION)
VALUES ('13', 'Link organizations, persons and families to documents and other allied materials' , 2, null);

----------------
-- ADCAMPOTBL --
----------------

INSERT INTO ADCAMPOTBL(ID, NOMBRE, TIPONORMA, IDAREA, ETIQUETAXML, ETIQXMLFILA, DESCRIPCION)
VALUES ('1', 'Extent and medium', 1, '1', 'Volumenes_Soportes', 'Volumen_Soporte', null);

INSERT INTO ADCAMPOTBL(ID, NOMBRE, TIPONORMA, IDAREA, ETIQUETAXML, ETIQXMLFILA, DESCRIPCION)
VALUES ('2', 'Involved person', 1, '1', 'Interesados', 'Interesado', null);

INSERT INTO ADCAMPOTBL(ID, NOMBRE, TIPONORMA, IDAREA, ETIQUETAXML, ETIQXMLFILA, DESCRIPCION)
VALUES ('3', 'Locations', 1, '1', 'Emplazamientos', 'Emplazamiento', null);

INSERT INTO ADCAMPOTBL(ID, NOMBRE, TIPONORMA, IDAREA, ETIQUETAXML, ETIQXMLFILA, DESCRIPCION)
VALUES ('4', 'Physical Records', 1, '3', 'Documentos_Fisicos', 'Documento_Fisico', null);

INSERT INTO ADCAMPOTBL(ID, NOMBRE, TIPONORMA, IDAREA, ETIQUETAXML, ETIQXMLFILA, DESCRIPCION)
VALUES ('5', 'Series Creators', 1, '2', 'Productores_Serie', 'Productor', null);

INSERT INTO ADCAMPOTBL(ID, NOMBRE, TIPONORMA, IDAREA, ETIQUETAXML, ETIQXMLFILA, DESCRIPCION)
VALUES ('6', 'Electronic Records', 1, '3', 'Documentos_Electronicos', 'Documento_Electronico', null);

INSERT INTO ADCAMPOTBL ( ID, NOMBRE, TIPONORMA, IDAREA, ETIQUETAXML, ETIQXMLFILA, DESCRIPCION )
VALUES ( '7', 'Documental Extent and medium', 1, '1', 'Volumenes_FormasDoc', 'Volumen_FormaDoc', NULL);

INSERT INTO ADCAMPOTBL(ID, NOMBRE, TIPONORMA, IDAREA, ETIQUETAXML, ETIQXMLFILA, DESCRIPCION)
VALUES ('100', 'Related organisms', 2, '11', 'Entidades_Relacionadas', 'Entidad_Relacionada', null);

INSERT INTO ADCAMPOTBL(ID, NOMBRE, TIPONORMA, IDAREA, ETIQUETAXML, ETIQXMLFILA, DESCRIPCION)
VALUES ('101', 'Units related to other  resources', 2, '11', 'Relaciones_Entidades_Recursos', 'Relación_Entidad_Recurso', null);

INSERT INTO ADCAMPOTBL(ID, NOMBRE, TIPONORMA, IDAREA, ETIQUETAXML, ETIQXMLFILA, DESCRIPCION)
VALUES ('102', 'Files ranges', 1, '1', 'Rangos_Expedientes', 'Rango_Expedientes', null);

INSERT INTO ADCAMPOTBL (ID,NOMBRE,TIPONORMA,IDAREA,ETIQUETAXML,ETIQXMLFILA , DESCRIPCION)
VALUES('104','Dates of Existence',2, '10','Fechas_Existencia','Fecha_Existencia_Fila', null);

INSERT INTO ADCAMPOTBL (ID,NOMBRE,TIPONORMA,IDAREA,ETIQUETAXML, ETIQXMLFILA)
VALUES ('105','Signatures',1,'3','Firmas','Firma');

-----------------
-- ADCAMPODATO --
-----------------

INSERT INTO ADCAMPODATO(ID, NOMBRE, TIPO, TIPONORMA, IDAREA, IDTBLPADRE, POSENTBL, ETIQUETAXML, DESCRIPCION)
VALUES ('1', 'Identification', 1, 1, '1', null, null, 'Identificacion', null);

INSERT INTO ADCAMPODATO(ID, NOMBRE, TIPO, TIPONORMA, IDAREA, IDTBLPADRE, POSENTBL, ETIQUETAXML, DESCRIPCION)
VALUES ('2', 'Location: Country', 5, 1, '1', '3', 1, 'Pais', null);

INSERT INTO ADCAMPODATO(ID, NOMBRE, TIPO, TIPONORMA, IDAREA, IDTBLPADRE, POSENTBL, ETIQUETAXML, DESCRIPCION)
VALUES ('3', 'Begin date', 3, 1, '1', null, null, 'FechaInicial', null);

INSERT INTO ADCAMPODATO(ID, NOMBRE, TIPO, TIPONORMA, IDAREA, IDTBLPADRE, POSENTBL, ETIQUETAXML, DESCRIPCION)
VALUES ('4', 'Final date', 3, 1, '1', null, null, 'FechaFinal', null);

INSERT INTO ADCAMPODATO(ID, NOMBRE, TIPO, TIPONORMA, IDAREA, IDTBLPADRE, POSENTBL, ETIQUETAXML, DESCRIPCION)
VALUES ('5', 'Format', 1, 1, '1', '1', 2, 'Formato', null);

INSERT INTO ADCAMPODATO(ID, NOMBRE, TIPO, TIPONORMA, IDAREA, IDTBLPADRE, POSENTBL, ETIQUETAXML, DESCRIPCION)
VALUES ('6', 'Medium', 1, 1, '1', '1', 3, 'Soporte', null);

INSERT INTO ADCAMPODATO(ID, NOMBRE, TIPO, TIPONORMA, IDAREA, IDTBLPADRE, POSENTBL, ETIQUETAXML, DESCRIPCION)
VALUES ('7', 'Extent and medium quantity', 4, 1, '1', '1', 1, 'Num_Docs', null);

INSERT INTO ADCAMPODATO(ID, NOMBRE, TIPO, TIPONORMA, IDAREA, IDTBLPADRE, POSENTBL, ETIQUETAXML, DESCRIPCION)
VALUES ('8', 'Extent and document type: Document Medium', 1, 1, '1', '7', 2, 'Soporte_Documental', null);

INSERT INTO ADCAMPODATO(ID, NOMBRE, TIPO, TIPONORMA, IDAREA, IDTBLPADRE, POSENTBL, ETIQUETAXML, DESCRIPCION)
VALUES ('9', 'Involved person: Identity', 5, 1, '1', '2', 1, 'Identidad', null);

INSERT INTO ADCAMPODATO(ID, NOMBRE, TIPO, TIPONORMA, IDAREA, IDTBLPADRE, POSENTBL, ETIQUETAXML, DESCRIPCION)
VALUES ('10', 'Involved: Identity Num.', 1, 1, '1', '2', 2, 'NumIdentidad', null);

INSERT INTO ADCAMPODATO(ID, NOMBRE, TIPO, TIPONORMA, IDAREA, IDTBLPADRE, POSENTBL, ETIQUETAXML, DESCRIPCION)
VALUES ('11', 'Involved: Role', 1, 1, '1', '2', 3, 'Rol', null);

INSERT INTO ADCAMPODATO(ID, NOMBRE, TIPO, TIPONORMA, IDAREA, IDTBLPADRE, POSENTBL, ETIQUETAXML, DESCRIPCION)
VALUES ('12', 'Involved: Validated', 1, 1, '1', '2', 4, 'Interesado_Validado', null);

INSERT INTO ADCAMPODATO(ID, NOMBRE, TIPO, TIPONORMA, IDAREA, IDTBLPADRE, POSENTBL, ETIQUETAXML, DESCRIPCION)
VALUES ('51', 'Involved: Id in BBDD', 1, 1, '1', '2', 5, 'IdTercero', null);

INSERT INTO ADCAMPODATO(ID, NOMBRE, TIPO, TIPONORMA, IDAREA, IDTBLPADRE, POSENTBL, ETIQUETAXML, DESCRIPCION)
VALUES ('13', 'Content description', 2, 1, '3', null, null, 'Descripcion_Contenido', null);

INSERT INTO ADCAMPODATO(ID, NOMBRE, TIPO, TIPONORMA, IDAREA, IDTBLPADRE, POSENTBL, ETIQUETAXML, DESCRIPCION)
VALUES ('14', 'Producer System', 1, 1, '1', null, null, 'Cod_Sist_Productor', null);

INSERT INTO ADCAMPODATO(ID, NOMBRE, TIPO, TIPONORMA, IDAREA, IDTBLPADRE, POSENTBL, ETIQUETAXML, DESCRIPCION)
VALUES ('15', 'CRM Publication SAC', 1, 1, '1', null, null, 'Publ_SAC', null);

INSERT INTO ADCAMPODATO(ID, NOMBRE, TIPO, TIPONORMA, IDAREA, IDTBLPADRE, POSENTBL, ETIQUETAXML, DESCRIPCION)
VALUES ('16', 'Creator', 5, 1, '2', null, null, 'Productor', null);

INSERT INTO ADCAMPODATO(ID, NOMBRE, TIPO, TIPONORMA, IDAREA, IDTBLPADRE, POSENTBL, ETIQUETAXML, DESCRIPCION)
VALUES ('17', 'Institutional history', 2, 1, '2', null, null, 'Historia_Institucional', null);

INSERT INTO ADCAMPODATO(ID, NOMBRE, TIPO, TIPONORMA, IDAREA, IDTBLPADRE, POSENTBL, ETIQUETAXML, DESCRIPCION)
VALUES ('18', 'Archival history', 2, 1, '2', null, null, 'Historia_Archivistica', null);

INSERT INTO ADCAMPODATO(ID, NOMBRE, TIPO, TIPONORMA, IDAREA, IDTBLPADRE, POSENTBL, ETIQUETAXML, DESCRIPCION)
VALUES ('19', 'Physical record: title', 1, 1, '3', '4', 1, 'Documento_Fisico_Nombre', null);

INSERT INTO ADCAMPODATO(ID, NOMBRE, TIPO, TIPONORMA, IDAREA, IDTBLPADRE, POSENTBL, ETIQUETAXML, DESCRIPCION)
VALUES ('20', 'Appraisal: destruction Date', 3, 1, '3', null, null, 'FechaEliminacion', null);

INSERT INTO ADCAMPODATO(ID, NOMBRE, TIPO, TIPONORMA, IDAREA, IDTBLPADRE, POSENTBL, ETIQUETAXML, DESCRIPCION)
VALUES ('21', 'New accruals', 5, 1, '3', null, null, 'Nuevos_Ingresos', null);

INSERT INTO ADCAMPODATO(ID, NOMBRE, TIPO, TIPONORMA, IDAREA, IDTBLPADRE, POSENTBL, ETIQUETAXML, DESCRIPCION)
VALUES ('22', 'Access Conditions', 2, 1, '4', null, null, 'Condiciones_Acceso', null);

INSERT INTO ADCAMPODATO(ID, NOMBRE, TIPO, TIPONORMA, IDAREA, IDTBLPADRE, POSENTBL, ETIQUETAXML, DESCRIPCION)
VALUES ('23', 'Reproduction Conditions', 2, 1, '4', null, null, 'Condiciones_Reproduccion', null);

INSERT INTO ADCAMPODATO(ID, NOMBRE, TIPO, TIPONORMA, IDAREA, IDTBLPADRE, POSENTBL, ETIQUETAXML, DESCRIPCION)
VALUES ('24', 'Languages', 1, 1, '4', null, null, 'Lenguas', null);

INSERT INTO ADCAMPODATO(ID, NOMBRE, TIPO, TIPONORMA, IDAREA, IDTBLPADRE, POSENTBL, ETIQUETAXML, DESCRIPCION)
VALUES ('25', 'Physical Characteristics', 2, 1, '4', null, null, 'Caracteristicas_Fisicas', null);

INSERT INTO ADCAMPODATO(ID, NOMBRE, TIPO, TIPONORMA, IDAREA, IDTBLPADRE, POSENTBL, ETIQUETAXML, DESCRIPCION)
VALUES ('26', 'Finding Aids', 2, 1, '4', null, null, 'Instrumentos_Descripcion', null);

INSERT INTO ADCAMPODATO(ID, NOMBRE, TIPO, TIPONORMA, IDAREA, IDTBLPADRE, POSENTBL, ETIQUETAXML, DESCRIPCION)
VALUES ('27', 'Originals: Existence', 1, 1, '5', null, null, 'Originales_Existen', null);

INSERT INTO ADCAMPODATO(ID, NOMBRE, TIPO, TIPONORMA, IDAREA, IDTBLPADRE, POSENTBL, ETIQUETAXML, DESCRIPCION)
VALUES ('28', 'Originals: Description/location', 2, 1, '5', null, null, 'Originales_Descripcion', null);

INSERT INTO ADCAMPODATO(ID, NOMBRE, TIPO, TIPONORMA, IDAREA, IDTBLPADRE, POSENTBL, ETIQUETAXML, DESCRIPCION)
VALUES ('29', 'Copies: Existence', 1, 1, '5', null, null, 'Copias_Existen', null);

INSERT INTO ADCAMPODATO(ID, NOMBRE, TIPO, TIPONORMA, IDAREA, IDTBLPADRE, POSENTBL, ETIQUETAXML, DESCRIPCION)
VALUES ('30', 'Copies: Description/location', 2, 1, '5', null, null, 'Copias_Descripcion', null);

INSERT INTO ADCAMPODATO(ID, NOMBRE, TIPO, TIPONORMA, IDAREA, IDTBLPADRE, POSENTBL, ETIQUETAXML, DESCRIPCION)
VALUES ('31', 'Related Units of description', 5, 1, '5', null, null, 'Unidades_Relacionadas', null);

INSERT INTO ADCAMPODATO(ID, NOMBRE, TIPO, TIPONORMA, IDAREA, IDTBLPADRE, POSENTBL, ETIQUETAXML, DESCRIPCION)
VALUES ('32', 'Publication Note', 2, 1, '5', null, null, 'Nota_Publicacion', null);

INSERT INTO ADCAMPODATO(ID, NOMBRE, TIPO, TIPONORMA, IDAREA, IDTBLPADRE, POSENTBL, ETIQUETAXML, DESCRIPCION)
VALUES ('33', 'Rules followed', 1, 1, '7', null, null, 'Normas_Utilizadas', null);

INSERT INTO ADCAMPODATO(ID, NOMBRE, TIPO, TIPONORMA, IDAREA, IDTBLPADRE, POSENTBL, ETIQUETAXML, DESCRIPCION)
VALUES ('34', 'Creator: Name', 5, 1, '2', '5', 1, 'Productor_Nombre', null);

INSERT INTO ADCAMPODATO(ID, NOMBRE, TIPO, TIPONORMA, IDAREA, IDTBLPADRE, POSENTBL, ETIQUETAXML, DESCRIPCION)
VALUES ('35', 'Notes', 2, 1, '6', null, null, 'Notas', null);

INSERT INTO ADCAMPODATO(ID, NOMBRE, TIPO, TIPONORMA, IDAREA, IDTBLPADRE, POSENTBL, ETIQUETAXML, DESCRIPCION)
VALUES ('36', 'Creator: Inicial Date', 3, 1, '2', '5', 2, 'Fecha_Ini', null);

INSERT INTO ADCAMPODATO(ID, NOMBRE, TIPO, TIPONORMA, IDAREA, IDTBLPADRE, POSENTBL, ETIQUETAXML, DESCRIPCION)
VALUES ('37', 'Creator: Final Date', 3, 1, '2', '5', 3, 'Fecha_Fin', null);

INSERT INTO ADCAMPODATO(ID, NOMBRE, TIPO, TIPONORMA, IDAREA, IDTBLPADRE, POSENTBL, ETIQUETAXML, DESCRIPCION)
VALUES ('38', 'Scope and content', 2, 1, '3', null, null, 'Alcance_Contenido', null);

INSERT INTO ADCAMPODATO(ID, NOMBRE, TIPO, TIPONORMA, IDAREA, IDTBLPADRE, POSENTBL, ETIQUETAXML, DESCRIPCION)
VALUES ('39', 'Location: State', 5, 1, '1', '3', 2, 'Comunidad', null);

INSERT INTO ADCAMPODATO(ID, NOMBRE, TIPO, TIPONORMA, IDAREA, IDTBLPADRE, POSENTBL, ETIQUETAXML, DESCRIPCION)
VALUES ('40', 'Emplazamiento: Municipio', 5, 1, '1', '3', 3, 'Concejo', null);

INSERT INTO ADCAMPODATO(ID, NOMBRE, TIPO, TIPONORMA, IDAREA, IDTBLPADRE, POSENTBL, ETIQUETAXML, DESCRIPCION)
VALUES ('41', 'Location: Municipality', 5, 1, '1', '3', 4, 'Poblacion', null);

INSERT INTO ADCAMPODATO(ID, NOMBRE, TIPO, TIPONORMA, IDAREA, IDTBLPADRE, POSENTBL, ETIQUETAXML, DESCRIPCION)
VALUES ('42', 'Location: Localization', 1, 1, '1', '3', 5, 'Localizacion', null);

INSERT INTO ADCAMPODATO(ID, NOMBRE, TIPO, TIPONORMA, IDAREA, IDTBLPADRE, POSENTBL, ETIQUETAXML, DESCRIPCION)
VALUES ('43', 'Physical Record: Description', 2, 1, '3', '4', 2, 'Documento_Fisico_Descripcion', null);

INSERT INTO ADCAMPODATO(ID, NOMBRE, TIPO, TIPONORMA, IDAREA, IDTBLPADRE, POSENTBL, ETIQUETAXML, DESCRIPCION)
VALUES ('44', 'Keyword', 5, 1, '8', null, null, 'Descriptor', null);

INSERT INTO ADCAMPODATO(ID, NOMBRE, TIPO, TIPONORMA, IDAREA, IDTBLPADRE, POSENTBL, ETIQUETAXML, DESCRIPCION)
VALUES ('46', 'Series Appraisal', 2, 1, '3', null, null, 'Valoracion_Serie', null);

INSERT INTO ADCAMPODATO(ID, NOMBRE, TIPO, TIPONORMA, IDAREA, IDTBLPADRE, POSENTBL, ETIQUETAXML, DESCRIPCION)
VALUES ('47', 'New accruals admited', 1, 1, '3', null, null, 'Admite_Ingresos', null);

INSERT INTO ADCAMPODATO(ID, NOMBRE, TIPO, TIPONORMA, IDAREA, IDTBLPADRE, POSENTBL, ETIQUETAXML, DESCRIPCION)
VALUES ('48', 'Appraisal by percentage', 4, 1, '3', null, null, 'Valoracion_Porcentaje', null);

INSERT INTO ADCAMPODATO(ID, NOMBRE, TIPO, TIPONORMA, IDAREA, IDTBLPADRE, POSENTBL, ETIQUETAXML, DESCRIPCION)
VALUES ('49', 'Electronic Record: title', 1, 1, '3', '6', 1, 'Documento_Electronico_Nombre', null);

INSERT INTO ADCAMPODATO(ID, NOMBRE, TIPO, TIPONORMA, IDAREA, IDTBLPADRE, POSENTBL, ETIQUETAXML, DESCRIPCION)
VALUES ('50', 'Electronic Record: Description', 2, 1, '3', '6', 2, 'Documento_Electronico_Descripcion', null);

INSERT INTO ADCAMPODATO(ID, NOMBRE, TIPO, TIPONORMA, IDAREA, IDTBLPADRE, POSENTBL, ETIQUETAXML, DESCRIPCION)
VALUES ('100', 'Entity Type', 1, 2, '9', null, null, 'Tipo_Entidad', null);

INSERT INTO ADCAMPODATO(ID, NOMBRE, TIPO, TIPONORMA, IDAREA, IDTBLPADRE, POSENTBL, ETIQUETAXML, DESCRIPCION)
VALUES ('101', 'Authorized Name Description', 1, 2, '9', null, null, 'Forma_Autorizada_Nombre', null);

INSERT INTO ADCAMPODATO(ID, NOMBRE, TIPO, TIPONORMA, IDAREA, IDTBLPADRE, POSENTBL, ETIQUETAXML, DESCRIPCION)
VALUES ('102', 'Parallel  form of Name', 1, 2, '9', null, null, 'Formas_Paralelas_Nombre', null);

INSERT INTO ADCAMPODATO(ID, NOMBRE, TIPO, TIPONORMA, IDAREA, IDTBLPADRE, POSENTBL, ETIQUETAXML, DESCRIPCION)
VALUES ('103', 'Authorized  forms of name', 1, 2, '9', null, null, 'Formas_Normalizadas_Nombre', null);

INSERT INTO ADCAMPODATO(ID, NOMBRE, TIPO, TIPONORMA, IDAREA, IDTBLPADRE, POSENTBL, ETIQUETAXML, DESCRIPCION)
VALUES ('104', 'Other forms of name', 1, 2, '9', null, null, 'Otras_Formas_Nombre', null);

INSERT INTO ADCAMPODATO(ID, NOMBRE, TIPO, TIPONORMA, IDAREA, IDTBLPADRE, POSENTBL, ETIQUETAXML, DESCRIPCION)
VALUES ('105', 'Reference code for institutions', 1, 2, '9', null, null, 'Identificadores_Instituciones', null);

INSERT INTO ADCAMPODATO(ID, NOMBRE, TIPO, TIPONORMA, IDAREA, IDTBLPADRE, POSENTBL, ETIQUETAXML, DESCRIPCION)
VALUES ('106', 'Inicial date of existence', 3, 2, '10', '104', 1, 'Fecha_Existencia_Inicial', null);

INSERT INTO ADCAMPODATO(ID,NOMBRE,TIPO,TIPONORMA,IDAREA,ETIQUETAXML, IDTBLPADRE,POSENTBL, DESCRIPCION)
VALUES ('218', 'Final Date of existence', 3, 2, '10', 'Fecha_Existencia_Final', '104', 2, null);

INSERT INTO ADCAMPODATO(ID, NOMBRE, TIPO, TIPONORMA, IDAREA, IDTBLPADRE, POSENTBL, ETIQUETAXML, DESCRIPCION)
VALUES ('107', 'History', 2, 2, '10', null, null, 'Historia', null);

INSERT INTO ADCAMPODATO(ID, NOMBRE, TIPO, TIPONORMA, IDAREA, IDTBLPADRE, POSENTBL, ETIQUETAXML, DESCRIPCION)
VALUES ('108', 'Location', 5, 2, '10', null, null, 'Lugar', null);

INSERT INTO ADCAMPODATO(ID, NOMBRE, TIPO, TIPONORMA, IDAREA, IDTBLPADRE, POSENTBL, ETIQUETAXML, DESCRIPCION)
VALUES ('109', 'Legal Statute', 2, 2, '10', null, null, 'Estatuto_Juridico', null);

INSERT INTO ADCAMPODATO(ID, NOMBRE, TIPO, TIPONORMA, IDAREA, IDTBLPADRE, POSENTBL, ETIQUETAXML, DESCRIPCION)
VALUES ('110', 'Functions Activities', 2, 2, '10', null, null, 'Funciones', null);

INSERT INTO ADCAMPODATO(ID, NOMBRE, TIPO, TIPONORMA, IDAREA, IDTBLPADRE, POSENTBL, ETIQUETAXML, DESCRIPCION)
VALUES ('111', 'Assignment/Legal Sources', 2, 2, '10', null, null, 'Atribuciones', null);

INSERT INTO ADCAMPODATO(ID, NOMBRE, TIPO, TIPONORMA, IDAREA, IDTBLPADRE, POSENTBL, ETIQUETAXML, DESCRIPCION)
VALUES ('112', 'Internal Structure/Genealogy', 2, 2, '10', null, null, 'Estructura_Interna', null);

INSERT INTO ADCAMPODATO(ID, NOMBRE, TIPO, TIPONORMA, IDAREA, IDTBLPADRE, POSENTBL, ETIQUETAXML, DESCRIPCION)
VALUES ('113', 'General Context', 2, 2, '10', null, null, 'Contexto_General', null);

INSERT INTO ADCAMPODATO(ID, NOMBRE, TIPO, TIPONORMA, IDAREA, IDTBLPADRE, POSENTBL, ETIQUETAXML, DESCRIPCION)
VALUES ('114', 'Related Entity: Name', 5, 2, '11', '100', 1, 'Entidad_Relacionada_Nombre', null);

INSERT INTO ADCAMPODATO(ID, NOMBRE, TIPO, TIPONORMA, IDAREA, IDTBLPADRE, POSENTBL, ETIQUETAXML, DESCRIPCION)
VALUES ('115', 'Related Entity: Relation Type', 1, 2, '11', '100', 2, 'Entidad_Relacionada_Tipo_Relacion', null);

INSERT INTO ADCAMPODATO(ID, NOMBRE, TIPO, TIPONORMA, IDAREA, IDTBLPADRE, POSENTBL, ETIQUETAXML, DESCRIPCION)
VALUES ('116', 'Related Entity: Relation Description', 1, 2, '11', '100', 3, 'Descripcion_Relacion', null);

INSERT INTO ADCAMPODATO(ID, NOMBRE, TIPO, TIPONORMA, IDAREA, IDTBLPADRE, POSENTBL, ETIQUETAXML, DESCRIPCION)
VALUES ('117', 'Related Entity: Inicial Date of Relation', 3, 2, '11', '100', 4, 'FechaIni_Relacion', null);

INSERT INTO ADCAMPODATO(ID, NOMBRE, TIPO, TIPONORMA, IDAREA, IDTBLPADRE, POSENTBL, ETIQUETAXML, DESCRIPCION)
VALUES ('118', 'Related Entity: Final date of relation', 3, 2, '11', '100', 5, 'FechaFin_Relacion', null);

INSERT INTO ADCAMPODATO(ID, NOMBRE, TIPO, TIPONORMA, IDAREA, IDTBLPADRE, POSENTBL, ETIQUETAXML, DESCRIPCION)
VALUES ('119', 'Authority Identifier', 1, 2, '12', null, null, 'Id_Registro_Autoridad', null);

INSERT INTO ADCAMPODATO(ID, NOMBRE, TIPO, TIPONORMA, IDAREA, IDTBLPADRE, POSENTBL, ETIQUETAXML, DESCRIPCION)
VALUES ('120', 'Institution Identifier', 1, 2, '12', null, null, 'Id_Institucion', null);

INSERT INTO ADCAMPODATO(ID, NOMBRE, TIPO, TIPONORMA, IDAREA, IDTBLPADRE, POSENTBL, ETIQUETAXML, DESCRIPCION)
VALUES ('121', 'Rules/Conventions', 2, 2, '12', null, null, 'Reglas_Autoridad', null);

INSERT INTO ADCAMPODATO(ID, NOMBRE, TIPO, TIPONORMA, IDAREA, IDTBLPADRE, POSENTBL, ETIQUETAXML, DESCRIPCION)
VALUES ('122', 'Elaboration Status', 1, 2, '12', null, null, 'Estado_Elaboracion', null);

INSERT INTO ADCAMPODATO(ID, NOMBRE, TIPO, TIPONORMA, IDAREA, IDTBLPADRE, POSENTBL, ETIQUETAXML, DESCRIPCION)
VALUES ('123', 'Detail Level', 1, 2, '12', null, null, 'Nivel_Detalle', null);

INSERT INTO ADCAMPODATO(ID, NOMBRE, TIPO, TIPONORMA, IDAREA, IDTBLPADRE, POSENTBL, ETIQUETAXML, DESCRIPCION)
VALUES ('124', 'Authority Registry Creation Date', 3, 2, '12', null, null, 'Fecha_Registro_Autoridad', null);

INSERT INTO ADCAMPODATO(ID, NOMBRE, TIPO, TIPONORMA, IDAREA, IDTBLPADRE, POSENTBL, ETIQUETAXML, DESCRIPCION)
VALUES ('127', 'Languages and  scripts', 1, 2, '12', null, null, 'Lenguas_Escrituras', null);

INSERT INTO ADCAMPODATO(ID, NOMBRE, TIPO, TIPONORMA, IDAREA, IDTBLPADRE, POSENTBL, ETIQUETAXML, DESCRIPCION)
VALUES ('128', 'Sources', 2, 2, '12', null, null, 'Fuentes', null);

INSERT INTO ADCAMPODATO(ID, NOMBRE, TIPO, TIPONORMA, IDAREA, IDTBLPADRE, POSENTBL, ETIQUETAXML, DESCRIPCION)
VALUES ('129', 'Support Note', 2, 2, '12', null, null, 'Notas_Mantenimiento', null);

INSERT INTO ADCAMPODATO(ID, NOMBRE, TIPO, TIPONORMA, IDAREA, IDTBLPADRE, POSENTBL, ETIQUETAXML, DESCRIPCION)
VALUES ('130', 'Title', 1, 2, '13', '101', 1, 'Titulo', null);

INSERT INTO ADCAMPODATO(ID, NOMBRE, TIPO, TIPONORMA, IDAREA, IDTBLPADRE, POSENTBL, ETIQUETAXML, DESCRIPCION)
VALUES ('131', 'Resource Identifier', 1, 2, '13', '101', 2, 'Identificador_Recurso', null);

INSERT INTO ADCAMPODATO(ID, NOMBRE, TIPO, TIPONORMA, IDAREA, IDTBLPADRE, POSENTBL, ETIQUETAXML, DESCRIPCION)
VALUES ('132', 'Resource Type', 1, 2, '13', '101', 3, 'Tipo_Recurso', null);

INSERT INTO ADCAMPODATO(ID, NOMBRE, TIPO, TIPONORMA, IDAREA, IDTBLPADRE, POSENTBL, ETIQUETAXML, DESCRIPCION)
VALUES ('133', 'Type of relation', 1, 2, '13', '101', 4, 'Naturaleza_Relacion', null);

INSERT INTO ADCAMPODATO(ID, NOMBRE, TIPO, TIPONORMA, IDAREA, IDTBLPADRE, POSENTBL, ETIQUETAXML, DESCRIPCION)
VALUES ('134', 'Date of relation', 3, 2, '13', '101', 5, 'Fecha_Relacion', null);

INSERT INTO ADCAMPODATO(ID, NOMBRE, TIPO, TIPONORMA, IDAREA, IDTBLPADRE, POSENTBL, ETIQUETAXML, DESCRIPCION)
VALUES ('201', 'Range of files: Since', 1, 1, '1', '102', 1, 'Exp_Desde', null);

INSERT INTO ADCAMPODATO(ID, NOMBRE, TIPO, TIPONORMA, IDAREA, IDTBLPADRE, POSENTBL, ETIQUETAXML, DESCRIPCION)
VALUES ('202', 'Range of files: Until', 1, 1, '1', '102', 2, 'Exp_Hasta', null);

INSERT INTO ADCAMPODATO(ID, NOMBRE, TIPO, TIPONORMA, IDAREA, IDTBLPADRE, POSENTBL, ETIQUETAXML, DESCRIPCION)
VALUES ('203', 'Accrual form', 1, 1, '2', null, null, 'Forma_Ingreso', null);

INSERT INTO ADCAMPODATO(ID, NOMBRE, TIPO, TIPONORMA, IDAREA, IDTBLPADRE, POSENTBL, ETIQUETAXML, DESCRIPCION)
VALUES ('204', 'Transfer Code', 2, 1, '2', null, null, 'Cod_Transf', null);

INSERT INTO ADCAMPODATO(ID, NOMBRE, TIPO, TIPONORMA, IDAREA, IDTBLPADRE, POSENTBL, ETIQUETAXML, DESCRIPCION)
VALUES ('205', 'Accruals References', 1, 1, '2', null, null, 'Ref_Ingreso', null);

INSERT INTO ADCAMPODATO(ID, NOMBRE, TIPO, TIPONORMA, IDAREA, IDTBLPADRE, POSENTBL, ETIQUETAXML, DESCRIPCION)
VALUES ('206', 'Sumbission form', 1, 1, '2', null, null, 'Hoja_de_Entrega', null);

INSERT INTO ADCAMPODATO(ID, NOMBRE, TIPO, TIPONORMA, IDAREA, IDTBLPADRE, POSENTBL, ETIQUETAXML, DESCRIPCION)
VALUES ('210', 'Range of files: Since Normalized', 1, 1, '1', '102', 3, 'Exp_Desde_Norm', null);

INSERT INTO ADCAMPODATO(ID, NOMBRE, TIPO, TIPONORMA, IDAREA, IDTBLPADRE, POSENTBL, ETIQUETAXML, DESCRIPCION)
VALUES ('211', 'Range of files: Until Normalized', 1, 1, '1', '102', 4, 'Exp_Hasta_Norm', null);

INSERT INTO ADCAMPODATO(ID, NOMBRE, TIPO, TIPONORMA, IDAREA, IDTBLPADRE, POSENTBL, ETIQUETAXML, DESCRIPCION)
VALUES ('212', 'Location: Validated', 1, 1, '1', '3', 6, 'Emplazamiento_Validado', null);

INSERT INTO ADCAMPODATO(ID,NOMBRE,TIPO,TIPONORMA,IDAREA,IDTBLPADRE,POSENTBL,ETIQUETAXML,DESCRIPCION) VALUES(
'213','Involved: Main',1,1,'1','2',6,'Principal',NULL);

INSERT INTO ADCAMPODATO ( ID, NOMBRE, TIPO, TIPONORMA, IDAREA, IDTBLPADRE, POSENTBL, ETIQUETAXML, DESCRIPCION )
VALUES ( '214', 'Extent and medium: Quantity', 4, 1, '1', '7', 1, 'Cantidad', NULL);

--Norma ENI
INSERT INTO ADCAMPODATO(ID,NOMBRE,TIPO,TIPONORMA,IDAREA,IDTBLPADRE,POSENTBL,ETIQUETAXML)
VALUES('1001','Version TIN',1,'1','3',NULL,NULL,'Version_NTI');

INSERT INTO ADCAMPODATO(ID,NOMBRE,TIPO,TIPONORMA,IDAREA,IDTBLPADRE,POSENTBL,ETIQUETAXML)
VALUES('1002','Status',1,'1','3',NULL,NULL,'Estado');

INSERT INTO ADCAMPODATO(ID,NOMBRE,TIPO,TIPONORMA,IDAREA,IDTBLPADRE,POSENTBL,ETIQUETAXML)
VALUES('1003','Type of Signature',1,'1','3','105',1,'Tipo_Firma');

INSERT INTO ADCAMPODATO(ID,NOMBRE,TIPO,TIPONORMA,IDAREA,IDTBLPADRE,POSENTBL,ETIQUETAXML)
VALUES('1004','Value_CSV',2,'1','3','105',2,'Valor_CSV');

INSERT INTO ADCAMPODATO(ID,NOMBRE,TIPO,TIPONORMA,IDAREA,IDTBLPADRE,POSENTBL,ETIQUETAXML)
VALUES('1005','Definition of CSV Creation CSV',1,'1','3','105',3,'Definicion_Generacion_CSV');

INSERT INTO ADCAMPODATO(ID,NOMBRE,TIPO,TIPONORMA,IDAREA,IDTBLPADRE,POSENTBL,ETIQUETAXML)
VALUES('1006','Internal Identifier of Signature',1,'1','3','105',4,'Id_Interno_Firma');

INSERT INTO ADCAMPODATO(ID,NOMBRE,TIPO,TIPONORMA,IDAREA,IDTBLPADRE,POSENTBL,ETIQUETAXML)
VALUES('1011','Electronic Record: Version TIN',1,'1','3','6',3, 'Documento_Electronico_Version_NTI');

INSERT INTO ADCAMPODATO(ID,NOMBRE,TIPO,TIPONORMA,IDAREA,IDTBLPADRE,POSENTBL,ETIQUETAXML)
VALUES('1012','Electronic Record: Creator',5,'1','3','6',4,'Documento_Electronico_Organo');

INSERT INTO ADCAMPODATO(ID,NOMBRE,TIPO,TIPONORMA,IDAREA,IDTBLPADRE,POSENTBL,ETIQUETAXML)
VALUES('1013','Electronic Record: Ingest Date',3,'1','3','6',5,'Documento_Electronico_Fecha_Captura');

INSERT INTO ADCAMPODATO(ID,NOMBRE,TIPO,TIPONORMA,IDAREA,IDTBLPADRE,POSENTBL,ETIQUETAXML)
VALUES('1014','Electronic Record: Origin',1,'1','3','6',6,'Documento_Electronico_Origen');

INSERT INTO ADCAMPODATO(ID,NOMBRE,TIPO,TIPONORMA,IDAREA,IDTBLPADRE,POSENTBL,ETIQUETAXML)
VALUES('1015','Electronic Record: Production Status',1,'1','3','6',7,'Documento_Electronico_Estado_Elaboracion');

INSERT INTO ADCAMPODATO(ID,NOMBRE,TIPO,TIPONORMA,IDAREA,IDTBLPADRE,POSENTBL,ETIQUETAXML)
VALUES('1016','Electronic Record: Format Name',1,'1','3','6',8,'Documento_Electronico_Nombre_Formato');

INSERT INTO ADCAMPODATO(ID,NOMBRE,TIPO,TIPONORMA,IDAREA,IDTBLPADRE,POSENTBL,ETIQUETAXML)
VALUES('1017','Electronic Record: Record Type',1,'1','3','6',9,'Documento_Electronico_Tipo_Documental');

INSERT INTO ADCAMPODATO(ID,NOMBRE,TIPO,TIPONORMA,IDAREA,IDTBLPADRE,POSENTBL,ETIQUETAXML)
VALUES('1018','Electronic Record: Type of Signature',1,'1','3','6',10,'Documento_Electronico_Tipo_Firma');

INSERT INTO ADCAMPODATO(ID,NOMBRE,TIPO,TIPONORMA,IDAREA,IDTBLPADRE,POSENTBL,ETIQUETAXML)
VALUES('1019','Electronic Record: Value CSV',2,'1','3','6',11,'Documento_Electronico_Valor_CSV');

INSERT INTO ADCAMPODATO(ID,NOMBRE,TIPO,TIPONORMA,IDAREA,IDTBLPADRE,POSENTBL,ETIQUETAXML)
VALUES('1020','Electronic Record: Definition Creation CSV',2,'1','3','6',12,'Documento_Electronico_Definicion_Generacion_CSV');

INSERT INTO ADCAMPODATO(ID,NOMBRE,TIPO,TIPONORMA,IDAREA,IDTBLPADRE,POSENTBL,ETIQUETAXML)
VALUES('1021','Electronic Record: Identifier Record Origin',1,'1','3','6',13,'Documento_Electronico_Identificador_Documento_Origen');

INSERT INTO ADCAMPODATO(ID,NOMBRE,TIPO,TIPONORMA,IDAREA,IDTBLPADRE,POSENTBL,ETIQUETAXML)
VALUES('1022','Electronic Record: Id Internal',1,'1','3','6',14,'Documento_Electronico_Id_Interno');

INSERT INTO ADCAMPODATO(ID,NOMBRE,TIPO,TIPONORMA,IDAREA,IDTBLPADRE,POSENTBL,ETIQUETAXML)
VALUES('1023','Electronic Record: Internal Signature Identifier',1,'1','3','6',15,'Documento_Electronico_Id_Interno_Firma');


------------------
-- ADCTLGLISTAD --
------------------


INSERT INTO ADCTLGLISTAD(ID, NOMBRE, TIPO, TIPODESCRIPTOR, IDFICHADESCRPREF, IDFICHACLFDOCPREF, IDREPECMPREF, DESCRIPCION)
VALUES ('ID_LIST_INSTITUCION', 'Institution', 2, 1, '5', null, null, null);

INSERT INTO ADCTLGLISTAD(ID, NOMBRE, TIPO, TIPODESCRIPTOR, IDFICHADESCRPREF, IDFICHACLFDOCPREF, IDREPECMPREF, DESCRIPCION)
VALUES ('ID_LIST_CONCEJO', 'Municipality', 1, 2, null, null, null, null);

INSERT INTO ADCTLGLISTAD(ID, NOMBRE, TIPO, TIPODESCRIPTOR, IDFICHADESCRPREF, IDFICHACLFDOCPREF, IDREPECMPREF, DESCRIPCION)
VALUES ('ID_LIST_COMUNIDAD', 'State', 1, 2, null, null, null, 'List of states');

INSERT INTO ADCTLGLISTAD(ID, NOMBRE, TIPO, TIPODESCRIPTOR, IDFICHADESCRPREF, IDFICHACLFDOCPREF, IDREPECMPREF, DESCRIPCION)
VALUES ('ID_LIST_PAIS', 'Country', 1, 2, null, null, null, 'List of countries');

INSERT INTO ADCTLGLISTAD(ID, NOMBRE, TIPO, TIPODESCRIPTOR, IDFICHADESCRPREF, IDFICHACLFDOCPREF, IDREPECMPREF, DESCRIPCION)
VALUES ('ID_LIST_INTERESADO', 'Involved', 1, 0, null, null, null, null);

INSERT INTO ADCTLGLISTAD(ID, NOMBRE, TIPO, TIPODESCRIPTOR, IDFICHADESCRPREF, IDFICHACLFDOCPREF, IDREPECMPREF, DESCRIPCION)
VALUES ('ID_LIST_POBLACION', 'Town', 1, 2, null, null, null, null);

INSERT INTO ADCTLGLISTAD(ID, NOMBRE, TIPO, TIPODESCRIPTOR, IDFICHADESCRPREF, IDFICHACLFDOCPREF, IDREPECMPREF, DESCRIPCION)
VALUES ('ID_LIST_PERSONA', 'Person', 1, 1, '5', null, null, null);

INSERT INTO ADCTLGLISTAD(ID, NOMBRE, TIPO, TIPODESCRIPTOR, IDFICHADESCRPREF, IDFICHACLFDOCPREF, IDREPECMPREF, DESCRIPCION)
VALUES ('ID_LIST_FAMILIA', 'Family', 1, 1, '5', null, null, null);

INSERT INTO ADCTLGLISTAD(ID, NOMBRE, TIPO, TIPODESCRIPTOR, IDFICHADESCRPREF, IDFICHACLFDOCPREF, IDREPECMPREF, DESCRIPCION)
VALUES ('ID_LIST_ORGANO', 'Organism', 1, 0, null, null, null, null);

INSERT INTO ADCTLGLISTAD(ID, NOMBRE, TIPO, TIPODESCRIPTOR, IDFICHADESCRPREF, IDFICHACLFDOCPREF, IDREPECMPREF, DESCRIPCION)
VALUES ('ID_LIST_BDORGANIZACION', 'Organization', 2, 1, null, null, null, null);

INSERT INTO ADCTLGLISTAD(ID, NOMBRE, TIPO, TIPODESCRIPTOR, IDFICHADESCRPREF, IDFICHACLFDOCPREF, IDREPECMPREF, DESCRIPCION)
VALUES ('ID_LIST_GEOGRAFICO', 'Geographic', 1, 2, null, null, null, null);

INSERT INTO ADCTLGLISTAD(ID, NOMBRE, TIPO, TIPODESCRIPTOR, IDFICHADESCRPREF, IDFICHACLFDOCPREF, IDREPECMPREF, DESCRIPCION)
VALUES ('ID_LIST_CARGO', 'Job title', 1, 0, null, null, null, null);

INSERT INTO ADCTLGLISTAD(ID, NOMBRE, TIPO, TIPODESCRIPTOR, IDFICHADESCRPREF, IDFICHACLFDOCPREF, IDREPECMPREF, DESCRIPCION)
VALUES ('ID_LIST_MONTE', 'Hills', 1, 2, null, null, null, null);

INSERT INTO ADCTLGLISTAD(ID, NOMBRE, TIPO, TIPODESCRIPTOR, IDFICHADESCRPREF, IDFICHACLFDOCPREF, IDREPECMPREF, DESCRIPCION)
VALUES ('ID_LIST_CARRETERA', 'Roads', 1, 2, null, null, null, null);

INSERT INTO ADCTLGLISTAD(ID, NOMBRE, TIPO, TIPODESCRIPTOR, IDFICHADESCRPREF, IDFICHACLFDOCPREF, IDREPECMPREF, DESCRIPCION)
VALUES ('ID_LIST_PROVINCIA', 'Departaments', 1, 2, null, null, null, null);

INSERT INTO ADCTLGLISTAD(ID, NOMBRE, TIPO, TIPODESCRIPTOR, IDFICHADESCRPREF, IDFICHACLFDOCPREF, IDREPECMPREF, DESCRIPCION)
VALUES ('ID_LIST_ARCHIVO', 'Archives', 1, 4, '9', null, null, null);

------------------
-- ADCTLGTBLVLD --
------------------

INSERT INTO ADCTLGTBLVLD(ID, NOMBRE, DESCRIPCION, USOINTERNO)
VALUES ('ID_TBLVLD_INGRESOS', 'Entry type', null, 'S');

INSERT INTO ADCTLGTBLVLD(ID, NOMBRE, DESCRIPCION, USOINTERNO)
VALUES ('ID_TBLVLD_SINO', 'Yes/No', null, 'S');

INSERT INTO ADCTLGTBLVLD(ID, NOMBRE, DESCRIPCION, USOINTERNO)
VALUES ('ID_TBLVLD_SOPORTE', 'Medium', null, 'S');

INSERT INTO ADCTLGTBLVLD(ID, NOMBRE, DESCRIPCION, USOINTERNO)
VALUES ('ID_TBLVLD_FORMATO', 'Format', null, 'S');

INSERT INTO ADCTLGTBLVLD(ID, NOMBRE, DESCRIPCION, USOINTERNO)
VALUES ('ID_TBLVLD_LENGUA', 'Languaje', null, 'S');

INSERT INTO ADCTLGTBLVLD(ID, NOMBRE, DESCRIPCION, USOINTERNO)
VALUES ('ID_TBLVLD_NRELACION', 'Type of entities list', null, 'S');

INSERT INTO ADCTLGTBLVLD(ID, NOMBRE, DESCRIPCION, USOINTERNO)
VALUES ('ID_TBLVLD_ESTADOELAB', 'Elaboration Status', null, 'S');

INSERT INTO ADCTLGTBLVLD(ID, NOMBRE, DESCRIPCION, USOINTERNO)
VALUES ('ID_TBLVLD_NDETALLE', 'Level of detail', null, 'S');

INSERT INTO ADCTLGTBLVLD(ID, NOMBRE, DESCRIPCION, USOINTERNO)
VALUES ('ID_TBLVLD_TIPOENTIDAD', 'Type of entity', null, 'S');

INSERT INTO ADCTLGTBLVLD(ID, NOMBRE, DESCRIPCION, USOINTERNO)
VALUES ('ID_TBLVLD_TIPORECURSO', 'Tipo de recurso', null, 'S');

INSERT INTO ADCTLGTBLVLD(ID, NOMBRE, DESCRIPCION, USOINTERNO)
VALUES ('ID_TBLVLD_TIPORELACION', 'Relationship type', null, 'S');

INSERT INTO ADCTLGTBLVLD(ID, NOMBRE, DESCRIPCION, USOINTERNO)
VALUES ('ID_TBLVLD_ROLES_INTERESADO', 'Type of involved', null, 'S');

INSERT INTO ADCTLGTBLVLD(ID, NOMBRE, DESCRIPCION, USOINTERNO)
VALUES ('ID_TBLVLD_FORMAS_DOCUMENTALES', 'File type', null, 'S');

INSERT INTO ADCTLGTBLVLD(ID, NOMBRE, DESCRIPCION, USOINTERNO)
VALUES ('ID_TBLVLD_BOLETINES_OFICIALES', 'Bulletins', null, 'S');

INSERT INTO ADCTLGTBLVLD(ID, NOMBRE, DESCRIPCION, USOINTERNO)
VALUES ('ID_TBLVLD_TIPOS_ENTREGA', 'Delivery types', null, 'S');

INSERT INTO ADCTLGTBLVLD(ID, NOMBRE, DESCRIPCION, USOINTERNO)
VALUES ('ID_TBLVLD_TIPO_DOCUMENTACION', 'Documentation types', null, 'S');

INSERT INTO ADCTLGTBLVLD(ID, NOMBRE, DESCRIPCION, USOINTERNO)
VALUES ('ID_TBLVLD_LONGITUD', 'Length', 'Length', 'S');

INSERT INTO ADCTLGTBLVLD(ID, NOMBRE, DESCRIPCION, USOINTERNO)
VALUES ('ID_TBLVLD_MONEDA', 'Currency', 'Currency to use in reprography services', 'S');

INSERT INTO ADCTLGTBLVLD(ID, NOMBRE, DESCRIPCION, USOINTERNO)
VALUES ('ID_TBLVLD_FORMA_PAGO', 'Method of payment', 'Method of payment in reprography services', 'S');

------------------
-- ADTEXTTBLVLD --
------------------

INSERT INTO ADTEXTTBLVLD(ID, VALOR, IDTBLVLD)
VALUES ('1', 'Yes', 'ID_TBLVLD_SINO');

INSERT INTO ADTEXTTBLVLD(ID, VALOR, IDTBLVLD)
VALUES ('2', 'No', 'ID_TBLVLD_SINO');

INSERT INTO ADTEXTTBLVLD(ID, VALOR, IDTBLVLD)
VALUES ('3', 'Paper', 'ID_TBLVLD_SOPORTE');

INSERT INTO ADTEXTTBLVLD(ID, VALOR, IDTBLVLD)
VALUES ('4', 'Electronic', 'ID_TBLVLD_SOPORTE');

INSERT INTO ADTEXTTBLVLD(ID, VALOR, IDTBLVLD)
VALUES ('5', 'Spanish', 'ID_TBLVLD_LENGUA');

INSERT INTO ADTEXTTBLVLD(ID, VALOR, IDTBLVLD)
VALUES ('6', 'English', 'ID_TBLVLD_LENGUA');

INSERT INTO ADTEXTTBLVLD(ID, VALOR, IDTBLVLD)
VALUES ('50', 'Hierarchical', 'ID_TBLVLD_NRELACION');

INSERT INTO ADTEXTTBLVLD(ID, VALOR, IDTBLVLD)
VALUES ('51', 'Temporal', 'ID_TBLVLD_NRELACION');

INSERT INTO ADTEXTTBLVLD(ID, VALOR, IDTBLVLD)
VALUES ('52', 'Familiar', 'ID_TBLVLD_NRELACION');

INSERT INTO ADTEXTTBLVLD(ID, VALOR, IDTBLVLD)
VALUES ('53', 'Associative', 'ID_TBLVLD_NRELACION');

INSERT INTO ADTEXTTBLVLD(ID, VALOR, IDTBLVLD)
VALUES ('54', 'Draft', 'ID_TBLVLD_ESTADOELAB');

INSERT INTO ADTEXTTBLVLD(ID, VALOR, IDTBLVLD)
VALUES ('55', 'Finished', 'ID_TBLVLD_ESTADOELAB');

INSERT INTO ADTEXTTBLVLD(ID, VALOR, IDTBLVLD)
VALUES ('56', 'Checked', 'ID_TBLVLD_ESTADOELAB');

INSERT INTO ADTEXTTBLVLD(ID, VALOR, IDTBLVLD)
VALUES ('57', 'Basic', 'ID_TBLVLD_NDETALLE');

INSERT INTO ADTEXTTBLVLD(ID, VALOR, IDTBLVLD)
VALUES ('58', 'Partial', 'ID_TBLVLD_NDETALLE');

INSERT INTO ADTEXTTBLVLD(ID, VALOR, IDTBLVLD)
VALUES ('59', 'Entire', 'ID_TBLVLD_NDETALLE');

INSERT INTO ADTEXTTBLVLD(ID, VALOR, IDTBLVLD)
VALUES ('60', 'Institution', 'ID_TBLVLD_TIPOENTIDAD');

INSERT INTO ADTEXTTBLVLD(ID, VALOR, IDTBLVLD)
VALUES ('61', 'Person', 'ID_TBLVLD_TIPOENTIDAD');

INSERT INTO ADTEXTTBLVLD(ID, VALOR, IDTBLVLD)
VALUES ('62', 'Family', 'ID_TBLVLD_TIPOENTIDAD');

INSERT INTO ADTEXTTBLVLD(ID, VALOR, IDTBLVLD)
VALUES ('63', 'Archive description', 'ID_TBLVLD_TIPORECURSO');

INSERT INTO ADTEXTTBLVLD(ID, VALOR, IDTBLVLD)
VALUES ('64', 'Finding aids', 'ID_TBLVLD_TIPORECURSO');

INSERT INTO ADTEXTTBLVLD(ID, VALOR, IDTBLVLD)
VALUES ('65', 'Book', 'ID_TBLVLD_TIPORECURSO');

INSERT INTO ADTEXTTBLVLD(ID, VALOR, IDTBLVLD)
VALUES ('66', 'Newspaper article', 'ID_TBLVLD_TIPORECURSO');

INSERT INTO ADTEXTTBLVLD(ID, VALOR, IDTBLVLD)
VALUES ('67', 'Web page', 'ID_TBLVLD_TIPORECURSO');

INSERT INTO ADTEXTTBLVLD(ID, VALOR, IDTBLVLD)
VALUES ('68', 'photography', 'ID_TBLVLD_TIPORECURSO');

INSERT INTO ADTEXTTBLVLD(ID, VALOR, IDTBLVLD)
VALUES ('69', 'Museum Collection', 'ID_TBLVLD_TIPORECURSO');

INSERT INTO ADTEXTTBLVLD(ID, VALOR, IDTBLVLD)
VALUES ('70', 'Documentary film', 'ID_TBLVLD_TIPORECURSO');

INSERT INTO ADTEXTTBLVLD(ID, VALOR, IDTBLVLD)
VALUES ('71', 'Record of oral history', 'ID_TBLVLD_TIPORECURSO');

INSERT INTO ADTEXTTBLVLD(ID, VALOR, IDTBLVLD)
VALUES ('72', 'Producer', 'ID_TBLVLD_TIPORELACION');

INSERT INTO ADTEXTTBLVLD(ID, VALOR, IDTBLVLD)
VALUES ('73', 'Author', 'ID_TBLVLD_TIPORELACION');

INSERT INTO ADTEXTTBLVLD(ID, VALOR, IDTBLVLD)
VALUES ('74', 'Individual', 'ID_TBLVLD_TIPORELACION');

INSERT INTO ADTEXTTBLVLD(ID, VALOR, IDTBLVLD)
VALUES ('75', 'Depositary', 'ID_TBLVLD_TIPORELACION');

INSERT INTO ADTEXTTBLVLD(ID, VALOR, IDTBLVLD)
VALUES ('76', 'Copyright owner', 'ID_TBLVLD_TIPORELACION');

INSERT INTO ADTEXTTBLVLD(ID, VALOR, IDTBLVLD)
VALUES ('77', 'Administrator', 'ID_TBLVLD_TIPORELACION');

INSERT INTO ADTEXTTBLVLD(ID, VALOR, IDTBLVLD)
VALUES ('78', 'Owner', 'ID_TBLVLD_TIPORELACION');

INSERT INTO ADTEXTTBLVLD(ID, VALOR, IDTBLVLD)
VALUES ('80', 'INVOLVED', 'ID_TBLVLD_ROLES_INTERESADO');

INSERT INTO ADTEXTTBLVLD(ID, VALOR, IDTBLVLD)
VALUES ('81', 'REPRESENTANTATIVE', 'ID_TBLVLD_ROLES_INTERESADO');

INSERT INTO ADTEXTTBLVLD(ID, VALOR, IDTBLVLD)
VALUES ('82', 'BIDDER', 'ID_TBLVLD_ROLES_INTERESADO');

INSERT INTO ADTEXTTBLVLD(ID, VALOR, IDTBLVLD)
VALUES ('83', 'COMPLAINANT', 'ID_TBLVLD_ROLES_INTERESADO');

INSERT INTO ADTEXTTBLVLD(ID, VALOR, IDTBLVLD)
VALUES ('84', 'ALLEGED', 'ID_TBLVLD_ROLES_INTERESADO');

INSERT INTO ADTEXTTBLVLD(ID, VALOR, IDTBLVLD)
VALUES ('85', 'OWNER', 'ID_TBLVLD_ROLES_INTERESADO');

INSERT INTO ADTEXTTBLVLD(ID, VALOR, IDTBLVLD)
VALUES ('86', 'BENEFICIARY', 'ID_TBLVLD_ROLES_INTERESADO');

INSERT INTO ADTEXTTBLVLD(ID, VALOR, IDTBLVLD)
VALUES ('87', 'PROPOSER', 'ID_TBLVLD_ROLES_INTERESADO');

INSERT INTO ADTEXTTBLVLD(ID, VALOR, IDTBLVLD)
VALUES ('88', 'QUALIFIED', 'ID_TBLVLD_ROLES_INTERESADO');

INSERT INTO ADTEXTTBLVLD(ID, VALOR, IDTBLVLD)
VALUES ('89', 'LEASEHOLDER', 'ID_TBLVLD_ROLES_INTERESADO');

INSERT INTO ADTEXTTBLVLD(ID, VALOR, IDTBLVLD)
VALUES ('90', 'CHAIRMAN', 'ID_TBLVLD_ROLES_INTERESADO');

INSERT INTO ADTEXTTBLVLD(ID, VALOR, IDTBLVLD)
VALUES ('91', 'EXPROPRIATOR', 'ID_TBLVLD_ROLES_INTERESADO');

INSERT INTO ADTEXTTBLVLD(ID, VALOR, IDTBLVLD)
VALUES ('92', 'DEPUTY CHAIRMAN', 'ID_TBLVLD_ROLES_INTERESADO');

INSERT INTO ADTEXTTBLVLD(ID, VALOR, IDTBLVLD)
VALUES ('93', 'SECRETARY', 'ID_TBLVLD_ROLES_INTERESADO');

INSERT INTO ADTEXTTBLVLD(ID, VALOR, IDTBLVLD)
VALUES ('94', 'DEPUTY SECRETARY', 'ID_TBLVLD_ROLES_INTERESADO');

INSERT INTO ADTEXTTBLVLD(ID, VALOR, IDTBLVLD)
VALUES ('95', 'SPEAKER', 'ID_TBLVLD_ROLES_INTERESADO');

INSERT INTO ADTEXTTBLVLD(ID, VALOR, IDTBLVLD)
VALUES ('96', 'DEPUTY SPEAKER', 'ID_TBLVLD_ROLES_INTERESADO');

INSERT INTO ADTEXTTBLVLD(ID, VALOR, IDTBLVLD)
VALUES ('97', 'UNION REPRESENTATIVE', 'ID_TBLVLD_ROLES_INTERESADO');

INSERT INTO ADTEXTTBLVLD(ID, VALOR, IDTBLVLD)
VALUES ('98', 'DEPUTY UNION REPRESENTATIVE', 'ID_TBLVLD_ROLES_INTERESADO');

INSERT INTO ADTEXTTBLVLD(ID, VALOR, IDTBLVLD)
VALUES ('99', 'CHANGE HOLDER', 'ID_TBLVLD_ROLES_INTERESADO');

INSERT INTO ADTEXTTBLVLD(ID, VALOR, IDTBLVLD)
VALUES ('100', 'CORRESPONDENT', 'ID_TBLVLD_ROLES_INTERESADO');

INSERT INTO ADTEXTTBLVLD(ID, VALOR, IDTBLVLD)
VALUES ('101', 'ADVISORY SPECIALIST', 'ID_TBLVLD_ROLES_INTERESADO');

INSERT INTO ADTEXTTBLVLD(ID, VALOR, IDTBLVLD)
VALUES ('102', 'ADVISORY SPECIALIST SUBSTITUTE', 'ID_TBLVLD_ROLES_INTERESADO');

INSERT INTO ADTEXTTBLVLD(ID, VALOR, IDTBLVLD)
VALUES ('103', 'PROMOTER', 'ID_TBLVLD_ROLES_INTERESADO');

INSERT INTO ADTEXTTBLVLD(ID, VALOR, IDTBLVLD)
VALUES ('110', 'Bulletin 1', 'ID_TBLVLD_BOLETINES_OFICIALES');

INSERT INTO ADTEXTTBLVLD(ID, VALOR, IDTBLVLD)
VALUES ('111', 'Bulletin 2', 'ID_TBLVLD_BOLETINES_OFICIALES');

INSERT INTO ADTEXTTBLVLD(ID, VALOR, IDTBLVLD)
VALUES ('112', 'Letter(s)', 'ID_TBLVLD_FORMATO');

INSERT INTO ADTEXTTBLVLD(ID, VALOR, IDTBLVLD)
VALUES ('113', 'Document(s)', 'ID_TBLVLD_FORMATO');

INSERT INTO ADTEXTTBLVLD(ID, VALOR, IDTBLVLD)
VALUES ('114', 'Photography (ies)', 'ID_TBLVLD_FORMATO');

INSERT INTO ADTEXTTBLVLD(ID, VALOR, IDTBLVLD)
VALUES ('115', 'Records', 'ID_TBLVLD_FORMAS_DOCUMENTALES');

INSERT INTO ADTEXTTBLVLD(ID, VALOR, IDTBLVLD)
VALUES ('116', 'Files', 'ID_TBLVLD_FORMAS_DOCUMENTALES');

INSERT INTO ADTEXTTBLVLD(ID, VALOR, IDTBLVLD)
VALUES ('117', 'Planes', 'ID_TBLVLD_FORMAS_DOCUMENTALES');

INSERT INTO ADTEXTTBLVLD(ID, VALOR, IDTBLVLD)
VALUES ('118', 'Photographies', 'ID_TBLVLD_FORMAS_DOCUMENTALES');

INSERT INTO ADTEXTTBLVLD(ID, VALOR, IDTBLVLD)
VALUES ('119', 'Slides', 'ID_TBLVLD_SOPORTE');

INSERT INTO ADTEXTTBLVLD(ID, VALOR, IDTBLVLD)
VALUES ('120', 'Microfiche', 'ID_TBLVLD_SOPORTE');

INSERT INTO ADTEXTTBLVLD(ID, VALOR, IDTBLVLD)
VALUES ('121', 'Microfilm', 'ID_TBLVLD_SOPORTE');

INSERT INTO ADTEXTTBLVLD(ID, VALOR, IDTBLVLD)
VALUES ('122', 'photographic negatives', 'ID_TBLVLD_SOPORTE');

INSERT INTO ADTEXTTBLVLD(ID, VALOR, IDTBLVLD)
VALUES ('123', 'Films', 'ID_TBLVLD_SOPORTE');

INSERT INTO ADTEXTTBLVLD(ID, VALOR, IDTBLVLD)
VALUES ('124', 'Radiographs', 'ID_TBLVLD_SOPORTE');

INSERT INTO ADTEXTTBLVLD(ID, VALOR, IDTBLVLD)
VALUES ('125', 'Diskette', 'ID_TBLVLD_SOPORTE');

INSERT INTO ADTEXTTBLVLD(ID, VALOR, IDTBLVLD)
VALUES ('126', 'Cassette', 'ID_TBLVLD_SOPORTE');

INSERT INTO ADTEXTTBLVLD(ID, VALOR, IDTBLVLD)
VALUES ('127', 'Videocassette', 'ID_TBLVLD_SOPORTE');

INSERT INTO ADTEXTTBLVLD(ID, VALOR, IDTBLVLD)
VALUES ('128', 'CD', 'ID_TBLVLD_SOPORTE');

INSERT INTO ADTEXTTBLVLD(ID, VALOR, IDTBLVLD)
VALUES ('129', 'DVD', 'ID_TBLVLD_SOPORTE');

INSERT INTO ADTEXTTBLVLD(ID, VALOR, IDTBLVLD)
VALUES ('130', 'CD_Rom', 'ID_TBLVLD_SOPORTE');

INSERT INTO ADTEXTTBLVLD(ID, VALOR, IDTBLVLD)
VALUES ('131', 'Parchment', 'ID_TBLVLD_SOPORTE');

INSERT INTO ADTEXTTBLVLD(ID, VALOR, IDTBLVLD)
VALUES ('132', 'Polyvinyl discs', 'ID_TBLVLD_SOPORTE');

INSERT INTO ADTEXTTBLVLD(ID, VALOR, IDTBLVLD)
VALUES ('133', 'Slides', 'ID_TBLVLD_SOPORTE');

INSERT INTO ADTEXTTBLVLD(ID, VALOR, IDTBLVLD)
VALUES ('134', 'Planes', 'ID_TBLVLD_SOPORTE');

INSERT INTO ADTEXTTBLVLD(ID, VALOR, IDTBLVLD)
VALUES ('135', 'Fax', 'ID_TBLVLD_TIPOS_ENTREGA');

INSERT INTO ADTEXTTBLVLD(ID, VALOR, IDTBLVLD)
VALUES ('136', 'CD', 'ID_TBLVLD_TIPOS_ENTREGA');

INSERT INTO ADTEXTTBLVLD(ID, VALOR, IDTBLVLD)
VALUES ('137', 'DVD', 'ID_TBLVLD_TIPOS_ENTREGA');

INSERT INTO ADTEXTTBLVLD(ID, VALOR, IDTBLVLD)
VALUES ('138', 'Originals', 'ID_TBLVLD_TIPOS_ENTREGA');

INSERT INTO ADTEXTTBLVLD(ID, VALOR, IDTBLVLD)
VALUES ('139', 'Essential', 'ID_TBLVLD_TIPO_DOCUMENTACION');

INSERT INTO ADTEXTTBLVLD(ID, VALOR, IDTBLVLD)
VALUES ('140', 'Management', 'ID_TBLVLD_TIPO_DOCUMENTACION');

INSERT INTO ADTEXTTBLVLD(ID, VALOR, IDTBLVLD)
VALUES ('141', 'mm', 'ID_TBLVLD_LONGITUD');

INSERT INTO ADTEXTTBLVLD(ID, VALOR, IDTBLVLD)
VALUES ('142', 'dm', 'ID_TBLVLD_LONGITUD');

INSERT INTO ADTEXTTBLVLD(ID, VALOR, IDTBLVLD)
VALUES ('143', 'cm', 'ID_TBLVLD_LONGITUD');

INSERT INTO ADTEXTTBLVLD(ID, VALOR, IDTBLVLD)
VALUES ('144', 'm', 'ID_TBLVLD_LONGITUD');

INSERT INTO ADTEXTTBLVLD(ID, VALOR, IDTBLVLD)
VALUES ('145', 'Records', 'ID_TBLVLD_FORMATO');

INSERT INTO ADTEXTTBLVLD(ID, VALOR, IDTBLVLD)
VALUES ('146', 'Box(es)', 'ID_TBLVLD_FORMATO');

INSERT INTO ADTEXTTBLVLD(ID, VALOR, IDTBLVLD)
VALUES ('147', 'Transfer', 'ID_TBLVLD_INGRESOS');

INSERT INTO ADTEXTTBLVLD(ID, VALOR, IDTBLVLD)
VALUES ('148', 'Donation', 'ID_TBLVLD_INGRESOS');

INSERT INTO ADTEXTTBLVLD(ID, VALOR, IDTBLVLD)
VALUES ('149', 'Deposit', 'ID_TBLVLD_INGRESOS');

INSERT INTO ADTEXTTBLVLD(ID, VALOR, IDTBLVLD)
VALUES ('150', 'euro(s)', 'ID_TBLVLD_MONEDA');

INSERT INTO ADTEXTTBLVLD(ID, VALOR, IDTBLVLD)
VALUES ('151', 'Cash', 'ID_TBLVLD_FORMA_PAGO');

-- ********** --
-- DOCUMENTOS --
-- ********** --

-- ****** --
-- FONDOS --
-- ****** --

---------------------------
-- Niveles
---------------------------

INSERT INTO ASGFNIVELCF ( ID, NOMBRE, TIPO, IDFICHADESCRPREF ) VALUES ('00000000000000000000000000000001', 'Holding Classifier', 1, NULL);
INSERT INTO ASGFNIVELCF ( ID, NOMBRE, TIPO, IDFICHADESCRPREF ) VALUES ('00000000000000000000000000000003', 'Holding', 2, '4');
INSERT INTO ASGFNIVELCF ( ID, NOMBRE, TIPO, IDFICHADESCRPREF ) VALUES ('00000000000000000000000000000004', 'Series Classifier', 3, '3');
INSERT INTO ASGFNIVELCF ( ID, NOMBRE, TIPO, IDFICHADESCRPREF, IDFICHACLFDOCPREF ) VALUES ('00000000000000000000000000000008', 'Serie', 4, '2', 'ID_FICHA_DOCS_SERIES');
INSERT INTO ASGFNIVELCF ( ID, NOMBRE, TIPO, IDFICHADESCRPREF, SUBTIPO ) VALUES ('00000000000000000000000000000009', 'Record', 6, '1', 61);
INSERT INTO ASGFNIVELCF ( ID, NOMBRE, TIPO, IDFICHADESCRPREF, IDFICHACLFDOCPREF,IDREPECMPREF, SUBTIPO ) VALUES('00000000000000000000000000000016', 'Portion of series', 6, '6', NULL, NULL, 62);
INSERT INTO ASGFNIVELCF ( ID, NOMBRE, TIPO, IDFICHADESCRPREF, IDFICHACLFDOCPREF,IDREPECMPREF, SUBTIPO ) VALUES('00000000000000000000000000000010', 'File', 8, '8', NULL, NULL, 0);


---------------------------
-- Jerarquía entre niveles
---------------------------

INSERT INTO ASGFESTRUCTJNIVCF ( IDNIVELPADRE, TIPONIVELPADRE, IDNIVELHIJO,TIPONIVELHIJO ) VALUES ('00000000000000000000000000000001', 1, '00000000000000000000000000000001', 1);
INSERT INTO ASGFESTRUCTJNIVCF ( IDNIVELPADRE, TIPONIVELPADRE, IDNIVELHIJO,TIPONIVELHIJO ) VALUES ('00000000000000000000000000000001', 1, '00000000000000000000000000000003', 2);
INSERT INTO ASGFESTRUCTJNIVCF ( IDNIVELPADRE, TIPONIVELPADRE, IDNIVELHIJO,TIPONIVELHIJO ) VALUES ('00000000000000000000000000000003', 2, '00000000000000000000000000000004', 3);
INSERT INTO ASGFESTRUCTJNIVCF ( IDNIVELPADRE, TIPONIVELPADRE, IDNIVELHIJO,TIPONIVELHIJO ) VALUES ('00000000000000000000000000000003', 2, '00000000000000000000000000000008', 4);
INSERT INTO ASGFESTRUCTJNIVCF ( IDNIVELPADRE, TIPONIVELPADRE, IDNIVELHIJO,TIPONIVELHIJO ) VALUES ('00000000000000000000000000000004', 3, '00000000000000000000000000000004', 3);
INSERT INTO ASGFESTRUCTJNIVCF ( IDNIVELPADRE, TIPONIVELPADRE, IDNIVELHIJO,TIPONIVELHIJO ) VALUES ('00000000000000000000000000000004', 3, '00000000000000000000000000000008', 4);
INSERT INTO ASGFESTRUCTJNIVCF ( IDNIVELPADRE, TIPONIVELPADRE, IDNIVELHIJO,TIPONIVELHIJO ) VALUES ('00000000000000000000000000000008', 4, '00000000000000000000000000000009', 5);
INSERT INTO ASGFESTRUCTJNIVCF ( IDNIVELPADRE, TIPONIVELPADRE, IDNIVELHIJO,TIPONIVELHIJO ) VALUES ('ID_NIVEL_RAIZ', 0, '00000000000000000000000000000001', 1);
INSERT INTO ASGFESTRUCTJNIVCF ( IDNIVELPADRE, TIPONIVELPADRE, IDNIVELHIJO,TIPONIVELHIJO ) VALUES ('00000000000000000000000000000008', 4, '00000000000000000000000000000016', 5);
INSERT INTO ASGFESTRUCTJNIVCF ( IDNIVELPADRE, TIPONIVELPADRE, IDNIVELHIJO,TIPONIVELHIJO ) VALUES ('00000000000000000000000000000009', 6, '00000000000000000000000000000010', 8);

-- ********* --
-- PRESTAMOS --
-- ********* --

INSERT INTO ASGPMTVRECHAZO(TIPOSOLICITUD, MOTIVO, ID)
VALUES (1, 'Unaccesible','u1Ne0000000000000000000000000000');

INSERT INTO ASGPMTVRECHAZO(TIPOSOLICITUD, MOTIVO, ID)
VALUES (1, 'Restricted','u1Ra0000000000000000000000000000');

INSERT INTO ASGPMTVRECHAZO(TIPOSOLICITUD, MOTIVO, ID)
VALUES (2, 'Restricted','u2Ne0000000000000000000000000000');

INSERT INTO ASGPMTVRECHAZO(TIPOSOLICITUD, MOTIVO, ID)
VALUES (2, 'Restricted','u2Ra0000000000000000000000000000');

INSERT INTO ASGPMTVRECHAZO(TIPOSOLICITUD, MOTIVO, ID)
VALUES (3, 'Reason for extensión 1 rejection','u3M10000000000000000000000000000');

INSERT INTO ASGPMTVRECHAZO(TIPOSOLICITUD, MOTIVO, ID)
VALUES (3, 'Reason for extensión 2 rejection','u3M20000000000000000000000000000');

INSERT INTO ASGPMTVRECHAZO(TIPOSOLICITUD, MOTIVO, ID)
VALUES (3, 'Reason for extensión 3 rejection','u3M30000000000000000000000000000');

INSERT INTO ASGPTEMA(IDUSUARIO, TIPOENTIDAD, TEMA)
VALUES (null, 1, 'Search filiation data');

INSERT INTO ASGPTEMA(IDUSUARIO, TIPOENTIDAD, TEMA)
VALUES (null, 2, 'Search filiation data');

INSERT INTO ASGPTEMA(IDUSUARIO, TIPOENTIDAD, TEMA)
VALUES (null, 3, 'Search filiation data');

INSERT INTO ASGPTEMA(IDUSUARIO, TIPOENTIDAD, TEMA)
VALUES (null, 1, 'Other subjects');

INSERT INTO ASGPTEMA(IDUSUARIO, TIPOENTIDAD, TEMA)
VALUES (null, 2, 'Other subjects');

INSERT INTO ASGPTEMA(IDUSUARIO, TIPOENTIDAD, TEMA)
VALUES (null, 3, 'Other subjects');

INSERT INTO ASGPMTVCONSULTA(TIPOENTIDAD, MOTIVO, TIPOCONSULTA, VISIBILIDAD, ID)
VALUES (1, 'Research in archive', 1, 3, 'u11C0000000000000000000000000000');

INSERT INTO ASGPMTVCONSULTA(TIPOENTIDAD, MOTIVO, TIPOCONSULTA, VISIBILIDAD, ID)
VALUES (1, 'Search', 2, 3, 'u12B0000000000000000000000000000');

INSERT INTO ASGPMTVCONSULTA(TIPOENTIDAD, MOTIVO, TIPOCONSULTA, VISIBILIDAD, ID)
VALUES (1, 'Ubication', 2, 3, 'u12L0000000000000000000000000000');

INSERT INTO ASGPMTVCONSULTA(TIPOENTIDAD, MOTIVO, TIPOCONSULTA, VISIBILIDAD, ID)
VALUES (2, 'Search', 2, NULL, 'u22B0000000000000000000000000000');

INSERT INTO ASGPMTVCONSULTA(TIPOENTIDAD, MOTIVO, TIPOCONSULTA, VISIBILIDAD, ID)
VALUES (2, 'Ubication', 2, NULL, 'u22L0000000000000000000000000000');

INSERT INTO ASGPMTVCONSULTA(TIPOENTIDAD, MOTIVO, TIPOCONSULTA, VISIBILIDAD, ID)
VALUES (3, 'Search', 2, NULL, 'u32B0000000000000000000000000000');

INSERT INTO ASGPMTVCONSULTA(TIPOENTIDAD, MOTIVO, TIPOCONSULTA, VISIBILIDAD, ID)
VALUES (3, 'Ubication', 2, NULL, 'u32L0000000000000000000000000000');

INSERT INTO ASGPMTVPRESTAMO
VALUES ('n0000000000000000000000000000001',1,'Internal reason',3);

INSERT INTO ASGPMTVPRESTAMO
VALUES ('n0000000000000000000000000000002',2,'External reason',3);

INSERT INTO ITDGUIDGEN (CNODE, CLPID) VALUES ('000000000000', 6);


-- /**************************************************************************************
--  *	FICHA DE UNIDAD DOCUMENTAL
--  **************************************************************************************/

--Area de mención de la identidad
INSERT INTO ADUSOOBJETO (IDOBJ,TIPOOBJ,IDOBJUSUARIO,TIPOOBJUSUARIO)VALUES('1',4,'1',1);

	--Dato: UDoc_Identificador
	INSERT INTO ADUSOOBJETO (IDOBJ,TIPOOBJ,IDOBJUSUARIO,TIPOOBJUSUARIO)VALUES('1',1,'1',1);

	--Campo Tabla: Emplazamientos
	INSERT INTO ADUSOOBJETO (IDOBJ,TIPOOBJ,IDOBJUSUARIO,TIPOOBJUSUARIO)VALUES('3',5,'1',1);

		--Dato: Emplazamiento_País
		INSERT INTO ADUSOOBJETO (IDOBJ,TIPOOBJ,IDOBJUSUARIO,TIPOOBJUSUARIO)VALUES('2',1,'1',1);

		--Dato: Emplazamiento_Provincia
		INSERT INTO ADUSOOBJETO (IDOBJ,TIPOOBJ,IDOBJUSUARIO,TIPOOBJUSUARIO)VALUES('39',1,'1',1);

		--Dato: Emplazamiento_Concejo
		INSERT INTO ADUSOOBJETO (IDOBJ,TIPOOBJ,IDOBJUSUARIO,TIPOOBJUSUARIO)VALUES('40',1,'1',1);

		--Dato: Emplazamiento_Población
		INSERT INTO ADUSOOBJETO (IDOBJ,TIPOOBJ,IDOBJUSUARIO,TIPOOBJUSUARIO)VALUES('41',1,'1',1);

		--Dato: Emplazamiento_Localización
		INSERT INTO ADUSOOBJETO (IDOBJ,TIPOOBJ,IDOBJUSUARIO,TIPOOBJUSUARIO)VALUES('42',1,'1',1);

		--Dato: Emplazamiento_Validado
		INSERT INTO ADUSOOBJETO (IDOBJ,TIPOOBJ,IDOBJUSUARIO,TIPOOBJUSUARIO)VALUES('212',1,'1',1);

	--Dato: Fecha Inicial
	INSERT INTO ADUSOOBJETO (IDOBJ,TIPOOBJ,IDOBJUSUARIO,TIPOOBJUSUARIO)VALUES('3',1,'1',1);

	--Dato: Fecha Final
	INSERT INTO ADUSOOBJETO (IDOBJ,TIPOOBJ,IDOBJUSUARIO,TIPOOBJUSUARIO)VALUES('4',1,'1',1);

	--Campo Tabla: Volumen y Soporte
	INSERT INTO ADUSOOBJETO (IDOBJ,TIPOOBJ,IDOBJUSUARIO,TIPOOBJUSUARIO)VALUES('1',5,'1',1);

		--Dato: Soporte
		INSERT INTO ADUSOOBJETO (IDOBJ,TIPOOBJ,IDOBJUSUARIO,TIPOOBJUSUARIO)VALUES('6',1,'1',1);

		--Dato: Formato
		INSERT INTO ADUSOOBJETO (IDOBJ,TIPOOBJ,IDOBJUSUARIO,TIPOOBJUSUARIO)VALUES('5',1,'1',1);

		--Dato: Cantidad
		INSERT INTO ADUSOOBJETO (IDOBJ,TIPOOBJ,IDOBJUSUARIO,TIPOOBJUSUARIO)VALUES('7',1,'1',1);

	--Campo Tabla: Interesados
	INSERT INTO ADUSOOBJETO (IDOBJ,TIPOOBJ,IDOBJUSUARIO,TIPOOBJUSUARIO)VALUES('2',5,'1',1);

		--Dato: Interesado_NumIdentidad
		INSERT INTO ADUSOOBJETO (IDOBJ,TIPOOBJ,IDOBJUSUARIO,TIPOOBJUSUARIO)VALUES('10',1,'1',1);

		--Dato: Interesado_Identidad
		INSERT INTO ADUSOOBJETO (IDOBJ,TIPOOBJ,IDOBJUSUARIO,TIPOOBJUSUARIO)VALUES('9',1,'1',1);

		--Dato: Interesado_Rol
		INSERT INTO ADUSOOBJETO (IDOBJ,TIPOOBJ,IDOBJUSUARIO,TIPOOBJUSUARIO)VALUES('11',1,'1',1);

		--Dato: Interesado_Validado
		INSERT INTO ADUSOOBJETO (IDOBJ,TIPOOBJ,IDOBJUSUARIO,TIPOOBJUSUARIO)VALUES('12',1,'1',1);

		--Dato: Interesado_IdTercero
		INSERT INTO ADUSOOBJETO (IDOBJ,TIPOOBJ,IDOBJUSUARIO,TIPOOBJUSUARIO)VALUES('51',1,'1',1);

		--Dato: Interesado_Principal
		INSERT INTO ADUSOOBJETO (IDOBJ,TIPOOBJ,IDOBJUSUARIO,TIPOOBJUSUARIO)VALUES('213',1,'1',1);

	--Dato: Nombre Sistema Productor
	INSERT INTO ADUSOOBJETO (IDOBJ,TIPOOBJ,IDOBJUSUARIO,TIPOOBJUSUARIO)VALUES('14',1,'1',1);

	--Dato: Publicación SAC
	INSERT INTO ADUSOOBJETO (IDOBJ,TIPOOBJ,IDOBJUSUARIO,TIPOOBJUSUARIO)VALUES('15',1,'1',1);

--Area de contexto
INSERT INTO ADUSOOBJETO (IDOBJ,TIPOOBJ,IDOBJUSUARIO,TIPOOBJUSUARIO)VALUES('2',4,'1',1);

	--Dato: Productor
	INSERT INTO ADUSOOBJETO (IDOBJ,TIPOOBJ,IDOBJUSUARIO,TIPOOBJUSUARIO)VALUES('16',1,'1',1);

	--Dato: Historia Institucional
	INSERT INTO ADUSOOBJETO (IDOBJ,TIPOOBJ,IDOBJUSUARIO,TIPOOBJUSUARIO)VALUES('17',1,'1',1);

	--Dato: Historia Archivística
	INSERT INTO ADUSOOBJETO (IDOBJ,TIPOOBJ,IDOBJUSUARIO,TIPOOBJUSUARIO)VALUES('18',1,'1',1);

	--Dato: Ingreso por
	INSERT INTO ADUSOOBJETO (IDOBJ,TIPOOBJ,IDOBJUSUARIO,TIPOOBJUSUARIO)VALUES('203',1,'1',1);

	--Dato: Código de transferencia
	INSERT INTO ADUSOOBJETO (IDOBJ,TIPOOBJ,IDOBJUSUARIO,TIPOOBJUSUARIO)VALUES('204',1,'1',1);

	--Dato: Referencias de ingreso
	INSERT INTO ADUSOOBJETO (IDOBJ,TIPOOBJ,IDOBJUSUARIO,TIPOOBJUSUARIO)VALUES('205',1,'1',1);

	--Dato: Hoja de Entrega
	INSERT INTO ADUSOOBJETO (IDOBJ,TIPOOBJ,IDOBJUSUARIO,TIPOOBJUSUARIO)VALUES('206',1,'1',1);

--Area de alcance y contenido
INSERT INTO ADUSOOBJETO (IDOBJ,TIPOOBJ,IDOBJUSUARIO,TIPOOBJUSUARIO)VALUES('3',4,'1',1);

	--Campo Tabla: Documentos Físicos
	INSERT INTO ADUSOOBJETO (IDOBJ,TIPOOBJ,IDOBJUSUARIO,TIPOOBJUSUARIO)VALUES('4',5,'1',1);

		--Dato: Descripción Contenido
		INSERT INTO ADUSOOBJETO (IDOBJ,TIPOOBJ,IDOBJUSUARIO,TIPOOBJUSUARIO)VALUES('13',1,'1',1);

		--Dato: DocumentoF_Nombre
		INSERT INTO ADUSOOBJETO (IDOBJ,TIPOOBJ,IDOBJUSUARIO,TIPOOBJUSUARIO)VALUES('19',1,'1',1);

	--Dato: DocumentoF_Descripción
	INSERT INTO ADUSOOBJETO (IDOBJ,TIPOOBJ,IDOBJUSUARIO,TIPOOBJUSUARIO)VALUES('43',1,'1',1);

	--Campo Tabla: Documentos Electrónicos
	INSERT INTO ADUSOOBJETO (IDOBJ,TIPOOBJ,IDOBJUSUARIO,TIPOOBJUSUARIO)VALUES('6',5,'1',1);

	--Dato: DocumentoE_Nombre
	INSERT INTO ADUSOOBJETO (IDOBJ,TIPOOBJ,IDOBJUSUARIO,TIPOOBJUSUARIO)VALUES('49',1,'1',1);

	--Dato: DocumentoE_Descripcion
	INSERT INTO ADUSOOBJETO (IDOBJ,TIPOOBJ,IDOBJUSUARIO,TIPOOBJUSUARIO)VALUES('50',1,'1',1);

	--Dato: Valoración_FechaEliminación
	INSERT INTO ADUSOOBJETO (IDOBJ,TIPOOBJ,IDOBJUSUARIO,TIPOOBJUSUARIO)VALUES('20',1,'1',1);

	--Dato: Nuevos ingresos
	INSERT INTO ADUSOOBJETO (IDOBJ,TIPOOBJ,IDOBJUSUARIO,TIPOOBJUSUARIO)VALUES('21',1,'1',1);

--Area de condiciones de acceso y seguridad
INSERT INTO ADUSOOBJETO (IDOBJ,TIPOOBJ,IDOBJUSUARIO,TIPOOBJUSUARIO)VALUES('4',4,'1',1);

	--Dato: Condiciones de Acceso
	INSERT INTO ADUSOOBJETO (IDOBJ,TIPOOBJ,IDOBJUSUARIO,TIPOOBJUSUARIO)VALUES('22',1,'1',1);

	--Dato: Condiciones de Reproducción
	INSERT INTO ADUSOOBJETO (IDOBJ,TIPOOBJ,IDOBJUSUARIO,TIPOOBJUSUARIO)VALUES('23',1,'1',1);

	--Dato: Lenguas
	INSERT INTO ADUSOOBJETO (IDOBJ,TIPOOBJ,IDOBJUSUARIO,TIPOOBJUSUARIO)VALUES('24',1,'1',1);

	--Dato: Características físicas
	INSERT INTO ADUSOOBJETO (IDOBJ,TIPOOBJ,IDOBJUSUARIO,TIPOOBJUSUARIO)VALUES('25',1,'1',1);

	--Dato: Instrumentos de Descripción
	INSERT INTO ADUSOOBJETO (IDOBJ,TIPOOBJ,IDOBJUSUARIO,TIPOOBJUSUARIO)VALUES('26',1,'1',1);

--Area de documentación asociada
INSERT INTO ADUSOOBJETO (IDOBJ,TIPOOBJ,IDOBJUSUARIO,TIPOOBJUSUARIO)VALUES('5',4,'1',1);

	--Dato: Originales_Existen
	INSERT INTO ADUSOOBJETO (IDOBJ,TIPOOBJ,IDOBJUSUARIO,TIPOOBJUSUARIO)VALUES('27',1,'1',1);

	--Dato: Originales_Descripción/Ubicación
	INSERT INTO ADUSOOBJETO (IDOBJ,TIPOOBJ,IDOBJUSUARIO,TIPOOBJUSUARIO)VALUES('28',1,'1',1);

	--Dato: Copias_Existen
	INSERT INTO ADUSOOBJETO (IDOBJ,TIPOOBJ,IDOBJUSUARIO,TIPOOBJUSUARIO)VALUES('29',1,'1',1);

	--Dato: Copias_Descripción/Ubicación
	INSERT INTO ADUSOOBJETO (IDOBJ,TIPOOBJ,IDOBJUSUARIO,TIPOOBJUSUARIO)VALUES('30',1,'1',1);

	--Dato: Unidades Descripción Relacionadas
	INSERT INTO ADUSOOBJETO (IDOBJ,TIPOOBJ,IDOBJUSUARIO,TIPOOBJUSUARIO)VALUES('31',1,'1',1);

	--Dato: Nota Publicación
	INSERT INTO ADUSOOBJETO (IDOBJ,TIPOOBJ,IDOBJUSUARIO,TIPOOBJUSUARIO)VALUES('32',1,'1',1);

--Area de notas
INSERT INTO ADUSOOBJETO (IDOBJ,TIPOOBJ,IDOBJUSUARIO,TIPOOBJUSUARIO)VALUES('6',4,'1',1);

	--Dato: Notas
	INSERT INTO ADUSOOBJETO (IDOBJ,TIPOOBJ,IDOBJUSUARIO,TIPOOBJUSUARIO)VALUES('35',1,'1',1);

--Area de control de la descripción
INSERT INTO ADUSOOBJETO (IDOBJ,TIPOOBJ,IDOBJUSUARIO,TIPOOBJUSUARIO)VALUES('7',4,'1',1);

	--Dato: Normas utilizadas
	INSERT INTO ADUSOOBJETO (IDOBJ,TIPOOBJ,IDOBJUSUARIO,TIPOOBJUSUARIO)VALUES('33',1,'1',1);

--Area de descriptores
INSERT INTO ADUSOOBJETO (IDOBJ,TIPOOBJ,IDOBJUSUARIO,TIPOOBJUSUARIO)VALUES('8',4,'1',1);

	--Dato: Descriptor
	INSERT INTO ADUSOOBJETO (IDOBJ,TIPOOBJ,IDOBJUSUARIO,TIPOOBJUSUARIO)VALUES('44',1,'1',1);


--DESCRIPTOR

	--Descriptor: Organización
	INSERT INTO ADUSOOBJETO (IDOBJ,TIPOOBJ,IDOBJUSUARIO,TIPOOBJUSUARIO)VALUES('ID_LIST_BDORGANIZACION',3,'1',1);

	--Descriptor: Provincia
	INSERT INTO ADUSOOBJETO (IDOBJ,TIPOOBJ,IDOBJUSUARIO,TIPOOBJUSUARIO)VALUES('ID_LIST_PROVINCIA',3,'1',1);

	--Descriptor: Municipio
	INSERT INTO ADUSOOBJETO (IDOBJ,TIPOOBJ,IDOBJUSUARIO,TIPOOBJUSUARIO)VALUES('ID_LIST_CONCEJO',3,'1',1);

	--Descriptor: Institución
	INSERT INTO ADUSOOBJETO (IDOBJ,TIPOOBJ,IDOBJUSUARIO,TIPOOBJUSUARIO)VALUES('ID_LIST_INSTITUCION',3,'1',1);

	--Descriptor: Interesados
	INSERT INTO ADUSOOBJETO (IDOBJ,TIPOOBJ,IDOBJUSUARIO,TIPOOBJUSUARIO)VALUES('ID_LIST_INTERESADO',3,'1',1);

	--Descriptor: Organo
	INSERT INTO ADUSOOBJETO (IDOBJ,TIPOOBJ,IDOBJUSUARIO,TIPOOBJUSUARIO)VALUES('ID_LIST_ORGANO',3,'1',1);

	--Descriptor: País
	INSERT INTO ADUSOOBJETO (IDOBJ,TIPOOBJ,IDOBJUSUARIO,TIPOOBJUSUARIO)VALUES('ID_LIST_PAIS',3,'1',1);

	--Descriptor: Población
	INSERT INTO ADUSOOBJETO (IDOBJ,TIPOOBJ,IDOBJUSUARIO,TIPOOBJUSUARIO)VALUES('ID_LIST_POBLACION',3,'1',1);


--TABLAS DE VALIDACION

	--Tabla de Validación: Formas de ingreso
	INSERT INTO ADUSOOBJETO (IDOBJ,TIPOOBJ,IDOBJUSUARIO,TIPOOBJUSUARIO)VALUES('ID_TBLVLD_INGRESOS',2,'1',1);

	--Tabla de Validación: Lengua
	INSERT INTO ADUSOOBJETO (IDOBJ,TIPOOBJ,IDOBJUSUARIO,TIPOOBJUSUARIO)VALUES('ID_TBLVLD_LENGUA',2,'1',1);

	--Tabla de Validación: Rol interesado
	INSERT INTO ADUSOOBJETO (IDOBJ,TIPOOBJ,IDOBJUSUARIO,TIPOOBJUSUARIO)VALUES('ID_TBLVLD_ROLES_INTERESADO',2,'1',1);

	--Tabla de Validación: Si/No
	INSERT INTO ADUSOOBJETO (IDOBJ,TIPOOBJ,IDOBJUSUARIO,TIPOOBJUSUARIO)VALUES('ID_TBLVLD_SINO',2,'1',1);

	--Tabla de Validación: Formato
	INSERT INTO ADUSOOBJETO (IDOBJ,TIPOOBJ,IDOBJUSUARIO,TIPOOBJUSUARIO)VALUES('ID_TBLVLD_FORMATO',2,'1',1);

	--Tabla de Validación: Soporte
	INSERT INTO ADUSOOBJETO (IDOBJ,TIPOOBJ,IDOBJUSUARIO,TIPOOBJUSUARIO)VALUES('ID_TBLVLD_SOPORTE',2,'1',1);

-- /**************************************************************************************
--  *	FICHA DE SERIE*
--  **************************************************************************************/

--Area de mención de la identidad
INSERT INTO ADUSOOBJETO (IDOBJ,TIPOOBJ,IDOBJUSUARIO,TIPOOBJUSUARIO)VALUES('1',4,'2',1);

	--Dato: Fecha Inicial
	INSERT INTO ADUSOOBJETO (IDOBJ,TIPOOBJ,IDOBJUSUARIO,TIPOOBJUSUARIO)VALUES('3',1,'2',1);

	--Dato: Fecha Final
	INSERT INTO ADUSOOBJETO (IDOBJ,TIPOOBJ,IDOBJUSUARIO,TIPOOBJUSUARIO)VALUES('4',1,'2',1);

	-- Campo Tabla: Volumen y Forma Documental
	INSERT INTO ADUSOOBJETO (IDOBJ,TIPOOBJ,IDOBJUSUARIO,TIPOOBJUSUARIO)VALUES('7',5,'2',1);

		--Dato: Cantidad
		INSERT INTO ADUSOOBJETO (IDOBJ,TIPOOBJ,IDOBJUSUARIO,TIPOOBJUSUARIO)VALUES('214',1,'2',1);

		--Dato: Soporte Documental
		INSERT INTO ADUSOOBJETO (IDOBJ,TIPOOBJ,IDOBJUSUARIO,TIPOOBJUSUARIO)VALUES('8',1,'2',1);

		--Dato: Nombre Sistema Productor
		INSERT INTO ADUSOOBJETO (IDOBJ,TIPOOBJ,IDOBJUSUARIO,TIPOOBJUSUARIO)VALUES('14',1,'2',1);

		--Dato: Publicación SAC
		INSERT INTO ADUSOOBJETO (IDOBJ,TIPOOBJ,IDOBJUSUARIO,TIPOOBJUSUARIO)VALUES('15',1,'2',1);

--Area de contexto
INSERT INTO ADUSOOBJETO (IDOBJ,TIPOOBJ,IDOBJUSUARIO,TIPOOBJUSUARIO)VALUES('2',4,'2',1);

	--Campo Tabla: Productores de Serie
	INSERT INTO ADUSOOBJETO (IDOBJ,TIPOOBJ,IDOBJUSUARIO,TIPOOBJUSUARIO)VALUES('5',5,'2',1);

		--Dato: ProductorSerie_Nombre
		INSERT INTO ADUSOOBJETO (IDOBJ,TIPOOBJ,IDOBJUSUARIO,TIPOOBJUSUARIO)VALUES('34',1,'2',1);

		--Dato: ProductorSerie_FechaIni
		INSERT INTO ADUSOOBJETO (IDOBJ,TIPOOBJ,IDOBJUSUARIO,TIPOOBJUSUARIO)VALUES('36',1,'2',1);

		--Dato: ProductorSerie_FechaFin
		INSERT INTO ADUSOOBJETO (IDOBJ,TIPOOBJ,IDOBJUSUARIO,TIPOOBJUSUARIO)VALUES('37',1,'2',1);

	--Dato: Historia Institucional
	INSERT INTO ADUSOOBJETO (IDOBJ,TIPOOBJ,IDOBJUSUARIO,TIPOOBJUSUARIO)VALUES('17',1,'2',1);

	--Dato: Historia Archivística
	INSERT INTO ADUSOOBJETO (IDOBJ,TIPOOBJ,IDOBJUSUARIO,TIPOOBJUSUARIO)VALUES('18',1,'2',1);

--Area de alcance y contenido
INSERT INTO ADUSOOBJETO (IDOBJ,TIPOOBJ,IDOBJUSUARIO,TIPOOBJUSUARIO)VALUES('3',4,'2',1);

	--Dato: Alcance y contenido
	INSERT INTO ADUSOOBJETO (IDOBJ,TIPOOBJ,IDOBJUSUARIO,TIPOOBJUSUARIO)VALUES('38',1,'2',1);

	--Dato: Valoración Serie
	INSERT INTO ADUSOOBJETO (IDOBJ,TIPOOBJ,IDOBJUSUARIO,TIPOOBJUSUARIO)VALUES('46',1,'2',1);

	--Dato: Admite Nuevos Ingresos
	INSERT INTO ADUSOOBJETO (IDOBJ,TIPOOBJ,IDOBJUSUARIO,TIPOOBJUSUARIO)VALUES('47',1,'2',1);

--Area de condiciones de acceso y seguridad
INSERT INTO ADUSOOBJETO (IDOBJ,TIPOOBJ,IDOBJUSUARIO,TIPOOBJUSUARIO)VALUES('4',4,'2',1);

	--Dato: Condiciones de Acceso
	INSERT INTO ADUSOOBJETO (IDOBJ,TIPOOBJ,IDOBJUSUARIO,TIPOOBJUSUARIO)VALUES('22',1,'2',1);

	--Dato: Condiciones de Reproducción
	INSERT INTO ADUSOOBJETO (IDOBJ,TIPOOBJ,IDOBJUSUARIO,TIPOOBJUSUARIO)VALUES('23',1,'2',1);

	--Dato: Lenguas
	INSERT INTO ADUSOOBJETO (IDOBJ,TIPOOBJ,IDOBJUSUARIO,TIPOOBJUSUARIO)VALUES('24',1,'2',1);

	--Dato: Características físicas
	INSERT INTO ADUSOOBJETO (IDOBJ,TIPOOBJ,IDOBJUSUARIO,TIPOOBJUSUARIO)VALUES('25',1,'2',1);

	--Dato: Instrumentos de Descripción
	INSERT INTO ADUSOOBJETO (IDOBJ,TIPOOBJ,IDOBJUSUARIO,TIPOOBJUSUARIO)VALUES('26',1,'2',1);

--Area de documentación asociada
INSERT INTO ADUSOOBJETO (IDOBJ,TIPOOBJ,IDOBJUSUARIO,TIPOOBJUSUARIO)VALUES('5',4,'2',1);

		--Dato: Originales_Existen
	INSERT INTO ADUSOOBJETO (IDOBJ,TIPOOBJ,IDOBJUSUARIO,TIPOOBJUSUARIO)VALUES('27',1,'2',1);

	--Dato: Originales_Descripción/Ubicación
	INSERT INTO ADUSOOBJETO (IDOBJ,TIPOOBJ,IDOBJUSUARIO,TIPOOBJUSUARIO)VALUES('28',1,'2',1);

	--Dato: Copias_Existen
	INSERT INTO ADUSOOBJETO (IDOBJ,TIPOOBJ,IDOBJUSUARIO,TIPOOBJUSUARIO)VALUES('29',1,'2',1);

	--Dato: Copias_Descripción/Ubicación
	INSERT INTO ADUSOOBJETO (IDOBJ,TIPOOBJ,IDOBJUSUARIO,TIPOOBJUSUARIO)VALUES('30',1,'2',1);

	--Dato: Nota Publicación
	INSERT INTO ADUSOOBJETO (IDOBJ,TIPOOBJ,IDOBJUSUARIO,TIPOOBJUSUARIO)VALUES('32',1,'2',1);


--Area de notas
INSERT INTO ADUSOOBJETO (IDOBJ,TIPOOBJ,IDOBJUSUARIO,TIPOOBJUSUARIO)VALUES('6',4,'2',1);

	--Dato: Notas
	INSERT INTO ADUSOOBJETO (IDOBJ,TIPOOBJ,IDOBJUSUARIO,TIPOOBJUSUARIO)VALUES('35',1,'2',1);


--Area de control de la descripción
INSERT INTO ADUSOOBJETO (IDOBJ,TIPOOBJ,IDOBJUSUARIO,TIPOOBJUSUARIO)VALUES('7',4,'2',1);

	--Dato: Normas utilizadas
	INSERT INTO ADUSOOBJETO (IDOBJ,TIPOOBJ,IDOBJUSUARIO,TIPOOBJUSUARIO)VALUES('33',1,'2',1);

--Area de descriptores
INSERT INTO ADUSOOBJETO (IDOBJ,TIPOOBJ,IDOBJUSUARIO,TIPOOBJUSUARIO)VALUES('8',4,'2',1);

	--Dato: Descriptor
	INSERT INTO ADUSOOBJETO (IDOBJ,TIPOOBJ,IDOBJUSUARIO,TIPOOBJUSUARIO)VALUES('44',1,'2',1);


--DESCRIPTORES
	--Descriptor: Organización
	INSERT INTO ADUSOOBJETO (IDOBJ,TIPOOBJ,IDOBJUSUARIO,TIPOOBJUSUARIO)VALUES('ID_LIST_BDORGANIZACION',3,'2',1);

	--Descriptor: Organización
	INSERT INTO ADUSOOBJETO (IDOBJ,TIPOOBJ,IDOBJUSUARIO,TIPOOBJUSUARIO)VALUES('ID_LIST_ORGANO',3,'2',1);

	--Descriptor: Organización
	INSERT INTO ADUSOOBJETO (IDOBJ,TIPOOBJ,IDOBJUSUARIO,TIPOOBJUSUARIO)VALUES('ID_LIST_INSTITUCION',3,'2',1);

--TABLAS DE VALIDACION

	--Tabla de Validación: Lengua
	INSERT INTO ADUSOOBJETO (IDOBJ,TIPOOBJ,IDOBJUSUARIO,TIPOOBJUSUARIO)VALUES('ID_TBLVLD_LENGUA',2,'2',1);

	--Tabla de Validación: Si/No
	INSERT INTO ADUSOOBJETO (IDOBJ,TIPOOBJ,IDOBJUSUARIO,TIPOOBJUSUARIO)VALUES('ID_TBLVLD_SINO',2,'2',1);

	--Tabla de Validación: Longitud
	INSERT INTO ADUSOOBJETO (IDOBJ,TIPOOBJ,IDOBJUSUARIO,TIPOOBJUSUARIO)VALUES('ID_TBLVLD_LONGITUD',2,'2',1);

	--Tabla de Validación: Formas Documentales
	INSERT INTO ADUSOOBJETO (IDOBJ,TIPOOBJ,IDOBJUSUARIO,TIPOOBJUSUARIO)VALUES('ID_TBLVLD_FORMAS_DOCUMENTALES',2,'2',1);

-- /**************************************************************************************
--  *	FICHA DE CLASIFICADOR 																														*
--  **************************************************************************************/
 --Area de mención de la identidad
INSERT INTO ADUSOOBJETO (IDOBJ,TIPOOBJ,IDOBJUSUARIO,TIPOOBJUSUARIO)VALUES('1',4,'3',1);

	--Dato: Fecha Inicial
	INSERT INTO ADUSOOBJETO (IDOBJ,TIPOOBJ,IDOBJUSUARIO,TIPOOBJUSUARIO)VALUES('3',1,'3',1);

	--Dato: Fecha Final
	INSERT INTO ADUSOOBJETO (IDOBJ,TIPOOBJ,IDOBJUSUARIO,TIPOOBJUSUARIO)VALUES('4',1,'3',1);

	--Campo Tabla: Volumen y Forma Documental
	INSERT INTO ADUSOOBJETO (IDOBJ,TIPOOBJ,IDOBJUSUARIO,TIPOOBJUSUARIO)VALUES('7',5,'3',1);

		--Dato: Cantidad
		INSERT INTO ADUSOOBJETO (IDOBJ,TIPOOBJ,IDOBJUSUARIO,TIPOOBJUSUARIO)VALUES('214',1,'3',1);

		--Campo Tabla: Soporte Documental
		INSERT INTO ADUSOOBJETO (IDOBJ,TIPOOBJ,IDOBJUSUARIO,TIPOOBJUSUARIO)VALUES('8',1,'3',1);

		--Campo Tabla: Nombre Sistema Productor
		INSERT INTO ADUSOOBJETO (IDOBJ,TIPOOBJ,IDOBJUSUARIO,TIPOOBJUSUARIO)VALUES('14',1,'3',1);

		--Campo Tabla: Publicación SAC
		INSERT INTO ADUSOOBJETO (IDOBJ,TIPOOBJ,IDOBJUSUARIO,TIPOOBJUSUARIO)VALUES('15',1,'3',1);

--Area de contexto
INSERT INTO ADUSOOBJETO (IDOBJ,TIPOOBJ,IDOBJUSUARIO,TIPOOBJUSUARIO)VALUES('2',4,'3',1);

	--Dato: Productor
	INSERT INTO ADUSOOBJETO (IDOBJ,TIPOOBJ,IDOBJUSUARIO,TIPOOBJUSUARIO)VALUES('16',1,'3',1);

	--Dato: Historia Institucional
	INSERT INTO ADUSOOBJETO (IDOBJ,TIPOOBJ,IDOBJUSUARIO,TIPOOBJUSUARIO)VALUES('17',1,'3',1);

	--Dato: Historia Archivística
	INSERT INTO ADUSOOBJETO (IDOBJ,TIPOOBJ,IDOBJUSUARIO,TIPOOBJUSUARIO)VALUES('18',1,'3',1);

--Area de alcance y contenido
INSERT INTO ADUSOOBJETO (IDOBJ,TIPOOBJ,IDOBJUSUARIO,TIPOOBJUSUARIO)VALUES('3',4,'3',1);

	--Dato: Alcance y contenido
	INSERT INTO ADUSOOBJETO (IDOBJ,TIPOOBJ,IDOBJUSUARIO,TIPOOBJUSUARIO)VALUES('38',1,'3',1);

	--Dato: Admite Nuevos Ingresos
	INSERT INTO ADUSOOBJETO (IDOBJ,TIPOOBJ,IDOBJUSUARIO,TIPOOBJUSUARIO)VALUES('47',1,'3',1);

	--Dato: Valoración en porcentaje
	INSERT INTO ADUSOOBJETO (IDOBJ,TIPOOBJ,IDOBJUSUARIO,TIPOOBJUSUARIO)VALUES('48',1,'3',1);

--Area de condiciones de acceso y seguridad
INSERT INTO ADUSOOBJETO (IDOBJ,TIPOOBJ,IDOBJUSUARIO,TIPOOBJUSUARIO)VALUES('4',4,'3',1);

	--Dato: Condiciones de Acceso
	INSERT INTO ADUSOOBJETO (IDOBJ,TIPOOBJ,IDOBJUSUARIO,TIPOOBJUSUARIO)VALUES('22',1,'3',1);

	--Dato: Condiciones de Reproducción
	INSERT INTO ADUSOOBJETO (IDOBJ,TIPOOBJ,IDOBJUSUARIO,TIPOOBJUSUARIO)VALUES('23',1,'3',1);

	--Dato: Lenguas
	INSERT INTO ADUSOOBJETO (IDOBJ,TIPOOBJ,IDOBJUSUARIO,TIPOOBJUSUARIO)VALUES('24',1,'3',1);

	--Dato: Características físicas
	INSERT INTO ADUSOOBJETO (IDOBJ,TIPOOBJ,IDOBJUSUARIO,TIPOOBJUSUARIO)VALUES('25',1,'3',1);

	--Dato: Instrumentos de Descripción
	INSERT INTO ADUSOOBJETO (IDOBJ,TIPOOBJ,IDOBJUSUARIO,TIPOOBJUSUARIO)VALUES('26',1,'3',1);

--Area de documentación asociada
INSERT INTO ADUSOOBJETO (IDOBJ,TIPOOBJ,IDOBJUSUARIO,TIPOOBJUSUARIO)VALUES('5',4,'3',1);

	--Dato: Originales_Existen
	INSERT INTO ADUSOOBJETO (IDOBJ,TIPOOBJ,IDOBJUSUARIO,TIPOOBJUSUARIO)VALUES('27',1,'3',1);

	--Dato: Originales_Descripción/Ubicación
	INSERT INTO ADUSOOBJETO (IDOBJ,TIPOOBJ,IDOBJUSUARIO,TIPOOBJUSUARIO)VALUES('28',1,'3',1);

	--Dato: Copias_Existen
	INSERT INTO ADUSOOBJETO (IDOBJ,TIPOOBJ,IDOBJUSUARIO,TIPOOBJUSUARIO)VALUES('29',1,'3',1);

	--Dato: Copias_Descripción/Ubicación
	INSERT INTO ADUSOOBJETO (IDOBJ,TIPOOBJ,IDOBJUSUARIO,TIPOOBJUSUARIO)VALUES('30',1,'3',1);

	--Dato: Nota Publicación
	INSERT INTO ADUSOOBJETO (IDOBJ,TIPOOBJ,IDOBJUSUARIO,TIPOOBJUSUARIO)VALUES('32',1,'3',1);

--Area de notas
INSERT INTO ADUSOOBJETO (IDOBJ,TIPOOBJ,IDOBJUSUARIO,TIPOOBJUSUARIO)VALUES('6',4,'3',1);

	--Dato: Notas
	INSERT INTO ADUSOOBJETO (IDOBJ,TIPOOBJ,IDOBJUSUARIO,TIPOOBJUSUARIO)VALUES('35',1,'3',1);


--Area de control de la descripción
INSERT INTO ADUSOOBJETO (IDOBJ,TIPOOBJ,IDOBJUSUARIO,TIPOOBJUSUARIO)VALUES('7',4,'3',1);

	--Dato: Normas utilizadas
	INSERT INTO ADUSOOBJETO (IDOBJ,TIPOOBJ,IDOBJUSUARIO,TIPOOBJUSUARIO)VALUES('33',1,'3',1);

--Area de descriptores
INSERT INTO ADUSOOBJETO (IDOBJ,TIPOOBJ,IDOBJUSUARIO,TIPOOBJUSUARIO)VALUES('8',4,'3',1);

	--Dato: Descriptor
	INSERT INTO ADUSOOBJETO (IDOBJ,TIPOOBJ,IDOBJUSUARIO,TIPOOBJUSUARIO)VALUES('44',1,'3',1);


--TABLAS DE VALIDACION

	--Tabla de Validación: Lengua
	INSERT INTO ADUSOOBJETO (IDOBJ,TIPOOBJ,IDOBJUSUARIO,TIPOOBJUSUARIO)VALUES('ID_TBLVLD_LENGUA',2,'3',1);

	--Tabla de Validación: Si/No
	INSERT INTO ADUSOOBJETO (IDOBJ,TIPOOBJ,IDOBJUSUARIO,TIPOOBJUSUARIO)VALUES('ID_TBLVLD_SINO',2,'3',1);

	--Tabla de Validación: Formas Documentales
	INSERT INTO ADUSOOBJETO (IDOBJ,TIPOOBJ,IDOBJUSUARIO,TIPOOBJUSUARIO)VALUES('ID_TBLVLD_FORMAS_DOCUMENTALES',2,'3',1);

-- /**************************************************************************************
--  *	FICHA DE FONDO*
--  **************************************************************************************/
--Area de mención de la identidad
INSERT INTO ADUSOOBJETO (IDOBJ,TIPOOBJ,IDOBJUSUARIO,TIPOOBJUSUARIO)VALUES('1',4,'4',1);

	--Dato: Fecha Inicial
	INSERT INTO ADUSOOBJETO (IDOBJ,TIPOOBJ,IDOBJUSUARIO,TIPOOBJUSUARIO)VALUES('3',1,'4',1);

	--Dato: Fecha Final
	INSERT INTO ADUSOOBJETO (IDOBJ,TIPOOBJ,IDOBJUSUARIO,TIPOOBJUSUARIO)VALUES('4',1,'4',1);

	--Campo Tabla: Volumen y Forma Documental
	INSERT INTO ADUSOOBJETO (IDOBJ,TIPOOBJ,IDOBJUSUARIO,TIPOOBJUSUARIO)VALUES('7',5,'4',1);

		--Dato: Cantidad
		INSERT INTO ADUSOOBJETO (IDOBJ,TIPOOBJ,IDOBJUSUARIO,TIPOOBJUSUARIO)VALUES('214',1,'4',1);

		--Dato: Soporte Documental
		INSERT INTO ADUSOOBJETO (IDOBJ,TIPOOBJ,IDOBJUSUARIO,TIPOOBJUSUARIO)VALUES('8',1,'4',1);

		--Dato: Nombre Sistema Productor
		INSERT INTO ADUSOOBJETO (IDOBJ,TIPOOBJ,IDOBJUSUARIO,TIPOOBJUSUARIO)VALUES('14',1,'4',1);

		--Dato: Publicación SAC
		INSERT INTO ADUSOOBJETO (IDOBJ,TIPOOBJ,IDOBJUSUARIO,TIPOOBJUSUARIO)VALUES('15',1,'4',1);

--Area de contexto
INSERT INTO ADUSOOBJETO (IDOBJ,TIPOOBJ,IDOBJUSUARIO,TIPOOBJUSUARIO)VALUES('2',4,'4',1);

	--Dato: Productor
	INSERT INTO ADUSOOBJETO (IDOBJ,TIPOOBJ,IDOBJUSUARIO,TIPOOBJUSUARIO)VALUES('16',1,'4',1);

	--Dato: Historia Institucional
	INSERT INTO ADUSOOBJETO (IDOBJ,TIPOOBJ,IDOBJUSUARIO,TIPOOBJUSUARIO)VALUES('17',1,'4',1);

	--Dato: Historia Archivística
	INSERT INTO ADUSOOBJETO (IDOBJ,TIPOOBJ,IDOBJUSUARIO,TIPOOBJUSUARIO)VALUES('18',1,'4',1);

--Area de alcance y contenido
INSERT INTO ADUSOOBJETO (IDOBJ,TIPOOBJ,IDOBJUSUARIO,TIPOOBJUSUARIO)VALUES('3',4,'4',1);

	--Dato: Alcance y contenido
	INSERT INTO ADUSOOBJETO (IDOBJ,TIPOOBJ,IDOBJUSUARIO,TIPOOBJUSUARIO)VALUES('38',1,'4',1);

	--Dato: Admite Nuevos Ingresos
	INSERT INTO ADUSOOBJETO (IDOBJ,TIPOOBJ,IDOBJUSUARIO,TIPOOBJUSUARIO)VALUES('47',1,'4',1);

	--Dato: Valoración en porcentaje
	INSERT INTO ADUSOOBJETO (IDOBJ,TIPOOBJ,IDOBJUSUARIO,TIPOOBJUSUARIO)VALUES('48',1,'4',1);

--Area de condiciones de acceso y seguridad
INSERT INTO ADUSOOBJETO (IDOBJ,TIPOOBJ,IDOBJUSUARIO,TIPOOBJUSUARIO)VALUES('4',4,'4',1);

	--Dato: Condiciones de Acceso
	INSERT INTO ADUSOOBJETO (IDOBJ,TIPOOBJ,IDOBJUSUARIO,TIPOOBJUSUARIO)VALUES('22',1,'4',1);

	--Dato: Condiciones de Reproducción
	INSERT INTO ADUSOOBJETO (IDOBJ,TIPOOBJ,IDOBJUSUARIO,TIPOOBJUSUARIO)VALUES('23',1,'4',1);

	--Dato: Lenguas
	INSERT INTO ADUSOOBJETO (IDOBJ,TIPOOBJ,IDOBJUSUARIO,TIPOOBJUSUARIO)VALUES('24',1,'4',1);

	--Dato: Características físicas
	INSERT INTO ADUSOOBJETO (IDOBJ,TIPOOBJ,IDOBJUSUARIO,TIPOOBJUSUARIO)VALUES('25',1,'4',1);

	--Dato: Instrumentos de Descripción
	INSERT INTO ADUSOOBJETO (IDOBJ,TIPOOBJ,IDOBJUSUARIO,TIPOOBJUSUARIO)VALUES('26',1,'4',1);

--Area de documentación asociada
INSERT INTO ADUSOOBJETO (IDOBJ,TIPOOBJ,IDOBJUSUARIO,TIPOOBJUSUARIO)VALUES('5',4,'4',1);

	--Dato: Originales_Existen
	INSERT INTO ADUSOOBJETO (IDOBJ,TIPOOBJ,IDOBJUSUARIO,TIPOOBJUSUARIO)VALUES('27',1,'4',1);

	--Dato: Originales_Descripción/Ubicación
	INSERT INTO ADUSOOBJETO (IDOBJ,TIPOOBJ,IDOBJUSUARIO,TIPOOBJUSUARIO)VALUES('28',1,'4',1);

	--Dato: Copias_Existen
	INSERT INTO ADUSOOBJETO (IDOBJ,TIPOOBJ,IDOBJUSUARIO,TIPOOBJUSUARIO)VALUES('29',1,'4',1);

	--Dato: Copias_Descripción/Ubicación
	INSERT INTO ADUSOOBJETO (IDOBJ,TIPOOBJ,IDOBJUSUARIO,TIPOOBJUSUARIO)VALUES('30',1,'4',1);

	--Dato: Nota Publicación
	INSERT INTO ADUSOOBJETO (IDOBJ,TIPOOBJ,IDOBJUSUARIO,TIPOOBJUSUARIO)VALUES('32',1,'4',1);

--Area de notas
INSERT INTO ADUSOOBJETO (IDOBJ,TIPOOBJ,IDOBJUSUARIO,TIPOOBJUSUARIO)VALUES('6',4,'4',1);

	--Dato: Notas
	INSERT INTO ADUSOOBJETO (IDOBJ,TIPOOBJ,IDOBJUSUARIO,TIPOOBJUSUARIO)VALUES('35',1,'4',1);

--Area de control de la descripción
INSERT INTO ADUSOOBJETO (IDOBJ,TIPOOBJ,IDOBJUSUARIO,TIPOOBJUSUARIO)VALUES('7',4,'4',1);

	--Dato: Normas utilizadas
	INSERT INTO ADUSOOBJETO (IDOBJ,TIPOOBJ,IDOBJUSUARIO,TIPOOBJUSUARIO)VALUES('33',1,'4',1);

--Area de descriptores
INSERT INTO ADUSOOBJETO (IDOBJ,TIPOOBJ,IDOBJUSUARIO,TIPOOBJUSUARIO)VALUES('8',4,'4',1);

	--Dato: Descriptor
	INSERT INTO ADUSOOBJETO (IDOBJ,TIPOOBJ,IDOBJUSUARIO,TIPOOBJUSUARIO)VALUES('44',1,'4',1);


--TABLAS DE VALIDACION

	--Tabla de Validación: Lengua
	INSERT INTO ADUSOOBJETO (IDOBJ,TIPOOBJ,IDOBJUSUARIO,TIPOOBJUSUARIO)VALUES('ID_TBLVLD_LENGUA',2,'4',1);

	--Tabla de Validación: Si/No
	INSERT INTO ADUSOOBJETO (IDOBJ,TIPOOBJ,IDOBJUSUARIO,TIPOOBJUSUARIO)VALUES('ID_TBLVLD_SINO',2,'4',1);

	--Tabla de Validación: Formas Documentales
	INSERT INTO ADUSOOBJETO (IDOBJ,TIPOOBJ,IDOBJUSUARIO,TIPOOBJUSUARIO)VALUES('ID_TBLVLD_FORMAS_DOCUMENTALES',2,'4',1);

-- /**************************************************************************************
--  *	FICHA DE ISAAR*
--  **************************************************************************************/
 --Area de Identificación
INSERT INTO ADUSOOBJETO (IDOBJ,TIPOOBJ,IDOBJUSUARIO,TIPOOBJUSUARIO)VALUES('9',4,'5',1);

	--Dato: Tipo de entidad
	INSERT INTO ADUSOOBJETO (IDOBJ,TIPOOBJ,IDOBJUSUARIO,TIPOOBJUSUARIO)VALUES('100',1,'5',1);

	--Dato: Forma autorizada de nombre
	INSERT INTO ADUSOOBJETO (IDOBJ,TIPOOBJ,IDOBJUSUARIO,TIPOOBJUSUARIO)VALUES('101',1,'5',1);

	--Dato: Formas paralelas de nombre
	INSERT INTO ADUSOOBJETO (IDOBJ,TIPOOBJ,IDOBJUSUARIO,TIPOOBJUSUARIO)VALUES('102',1,'5',1);

	--Dato: Formas normalizadas de nombre
	INSERT INTO ADUSOOBJETO (IDOBJ,TIPOOBJ,IDOBJUSUARIO,TIPOOBJUSUARIO)VALUES('103',1,'5',1);

	--Dato: Otras formas de nombre
	INSERT INTO ADUSOOBJETO (IDOBJ,TIPOOBJ,IDOBJUSUARIO,TIPOOBJUSUARIO)VALUES('104',1,'5',1);

	--Dato: Identificadores para instituciones
	INSERT INTO ADUSOOBJETO (IDOBJ,TIPOOBJ,IDOBJUSUARIO,TIPOOBJUSUARIO)VALUES('105',1,'5',1);

--Area de Descripción
INSERT INTO ADUSOOBJETO (IDOBJ,TIPOOBJ,IDOBJUSUARIO,TIPOOBJUSUARIO)VALUES('10',4,'5',1);

	--Campo Tabla: Fechas Existencia
	INSERT INTO ADUSOOBJETO (IDOBJ,TIPOOBJ,IDOBJUSUARIO,TIPOOBJUSUARIO) VALUES('104',5,'5',1);

		--Dato: Fecha Inicial Existencia
		INSERT INTO ADUSOOBJETO (IDOBJ,TIPOOBJ,IDOBJUSUARIO,TIPOOBJUSUARIO) VALUES('106',1,'5',1);

		--Dato: Fecha Final Existencia
		INSERT INTO ADUSOOBJETO (IDOBJ,TIPOOBJ,IDOBJUSUARIO,TIPOOBJUSUARIO) VALUES('218',1,'5',1);

	--Dato: Historia
	INSERT INTO ADUSOOBJETO (IDOBJ,TIPOOBJ,IDOBJUSUARIO,TIPOOBJUSUARIO)VALUES('107',1,'5',1);

	--Dato: Lugar
	INSERT INTO ADUSOOBJETO (IDOBJ,TIPOOBJ,IDOBJUSUARIO,TIPOOBJUSUARIO)VALUES('108',1,'5',1);

	--Dato: Estatuto jurídico
	INSERT INTO ADUSOOBJETO (IDOBJ,TIPOOBJ,IDOBJUSUARIO,TIPOOBJUSUARIO)VALUES('109',1,'5',1);

	--Dato: Funciones, ocupaciones
	INSERT INTO ADUSOOBJETO (IDOBJ,TIPOOBJ,IDOBJUSUARIO,TIPOOBJUSUARIO)VALUES('110',1,'5',1);

	--Dato: Atribuciones/Fuentes Legales
	INSERT INTO ADUSOOBJETO (IDOBJ,TIPOOBJ,IDOBJUSUARIO,TIPOOBJUSUARIO)VALUES('111',1,'5',1);

	--Dato: Estructura interna/Genealogía
	INSERT INTO ADUSOOBJETO (IDOBJ,TIPOOBJ,IDOBJUSUARIO,TIPOOBJUSUARIO)VALUES('112',1,'5',1);

	--Dato: Contexto General
	INSERT INTO ADUSOOBJETO (IDOBJ,TIPOOBJ,IDOBJUSUARIO,TIPOOBJUSUARIO)VALUES('113',1,'5',1);

--Area de Relaciones
INSERT INTO ADUSOOBJETO (IDOBJ,TIPOOBJ,IDOBJUSUARIO,TIPOOBJUSUARIO)VALUES('11',4,'5',1);

	--Campo Tabla: Entidades Relacionadas
	INSERT INTO ADUSOOBJETO (IDOBJ,TIPOOBJ,IDOBJUSUARIO,TIPOOBJUSUARIO)VALUES('100',5,'5',1);

	--Dato: Nombre entidad relacionada
	INSERT INTO ADUSOOBJETO (IDOBJ,TIPOOBJ,IDOBJUSUARIO,TIPOOBJUSUARIO)VALUES('114',1,'5',1);

	--Dato: Tipo de relación
	INSERT INTO ADUSOOBJETO (IDOBJ,TIPOOBJ,IDOBJUSUARIO,TIPOOBJUSUARIO)VALUES('115',1,'5',1);

	--Dato: Descripción de relación
	INSERT INTO ADUSOOBJETO (IDOBJ,TIPOOBJ,IDOBJUSUARIO,TIPOOBJUSUARIO)VALUES('116',1,'5',1);

	--Dato: Fecha inicio relación
	INSERT INTO ADUSOOBJETO (IDOBJ,TIPOOBJ,IDOBJUSUARIO,TIPOOBJUSUARIO)VALUES('117',1,'5',1);

--Area de Control
INSERT INTO ADUSOOBJETO (IDOBJ,TIPOOBJ,IDOBJUSUARIO,TIPOOBJUSUARIO)VALUES('12',4,'5',1);

	--Dato: Fecha fin relación
	INSERT INTO ADUSOOBJETO (IDOBJ,TIPOOBJ,IDOBJUSUARIO,TIPOOBJUSUARIO)VALUES('118',1,'5',1);

	--Dato: Identificador de autoridad
	INSERT INTO ADUSOOBJETO (IDOBJ,TIPOOBJ,IDOBJUSUARIO,TIPOOBJUSUARIO)VALUES('119',1,'5',1);

	--Dato: Identificador institución
	INSERT INTO ADUSOOBJETO (IDOBJ,TIPOOBJ,IDOBJUSUARIO,TIPOOBJUSUARIO)VALUES('120',1,'5',1);

	--Dato: Reglas/Convenciones
	INSERT INTO ADUSOOBJETO (IDOBJ,TIPOOBJ,IDOBJUSUARIO,TIPOOBJUSUARIO)VALUES('121',1,'5',1);

	--Dato: Estado de elaboración
	INSERT INTO ADUSOOBJETO (IDOBJ,TIPOOBJ,IDOBJUSUARIO,TIPOOBJUSUARIO)VALUES('122',1,'5',1);

	--Dato: Nivel de detalle
	INSERT INTO ADUSOOBJETO (IDOBJ,TIPOOBJ,IDOBJUSUARIO,TIPOOBJUSUARIO)VALUES('123',1,'5',1);

	--Dato: Fecha creación registro autoridad
	INSERT INTO ADUSOOBJETO (IDOBJ,TIPOOBJ,IDOBJUSUARIO,TIPOOBJUSUARIO)VALUES('124',1,'5',1);

	--Dato: Lenguas y escrituras
	INSERT INTO ADUSOOBJETO (IDOBJ,TIPOOBJ,IDOBJUSUARIO,TIPOOBJUSUARIO)VALUES('127',1,'5',1);

	--Dato: Fuentes
	INSERT INTO ADUSOOBJETO (IDOBJ,TIPOOBJ,IDOBJUSUARIO,TIPOOBJUSUARIO)VALUES('128',1,'5',1);

	--Dato: Nota de mantenimiento
	INSERT INTO ADUSOOBJETO (IDOBJ,TIPOOBJ,IDOBJUSUARIO,TIPOOBJUSUARIO)VALUES('129',1,'5',1);

--Area Relación de instituciones, personas y familias, con documentos de archivo y otros recurso
INSERT INTO ADUSOOBJETO (IDOBJ,TIPOOBJ,IDOBJUSUARIO,TIPOOBJUSUARIO)VALUES('13',4,'5',1);

	--Campo Tabla: Relaciones de entidades con otros recursos
	INSERT INTO ADUSOOBJETO (IDOBJ,TIPOOBJ,IDOBJUSUARIO,TIPOOBJUSUARIO)VALUES('101',5,'5',1);

		--Dato: Título de recurso
		INSERT INTO ADUSOOBJETO (IDOBJ,TIPOOBJ,IDOBJUSUARIO,TIPOOBJUSUARIO)VALUES('130',1,'5',1);

		--Dato: Identificador de recurso
		INSERT INTO ADUSOOBJETO (IDOBJ,TIPOOBJ,IDOBJUSUARIO,TIPOOBJUSUARIO)VALUES('131',1,'5',1);

		--Dato: Típo de recurso
		INSERT INTO ADUSOOBJETO (IDOBJ,TIPOOBJ,IDOBJUSUARIO,TIPOOBJUSUARIO)VALUES('132',1,'5',1);

		--Dato: Naturaleza de la relación
		INSERT INTO ADUSOOBJETO (IDOBJ,TIPOOBJ,IDOBJUSUARIO,TIPOOBJUSUARIO)VALUES('133',1,'5',1);

		--Dato: Fecha de relación
		INSERT INTO ADUSOOBJETO (IDOBJ,TIPOOBJ,IDOBJUSUARIO,TIPOOBJUSUARIO)VALUES('134',1,'5',1);


--DESCRIPTORES
	--Descriptor: Municipio
	INSERT INTO ADUSOOBJETO (IDOBJ,TIPOOBJ,IDOBJUSUARIO,TIPOOBJUSUARIO)VALUES('ID_LIST_CONCEJO',3,'5',1);

	--Descriptor: Geográfico
	INSERT INTO ADUSOOBJETO (IDOBJ,TIPOOBJ,IDOBJUSUARIO,TIPOOBJUSUARIO)VALUES('ID_LIST_GEOGRAFICO',3,'5',1);

	--Descriptor: Población
	INSERT INTO ADUSOOBJETO (IDOBJ,TIPOOBJ,IDOBJUSUARIO,TIPOOBJUSUARIO)VALUES('ID_LIST_POBLACION',3,'5',1);

--TABLAS DE VALIDACION
	--Tabla de Validación: Estado de elaboración
	INSERT INTO ADUSOOBJETO (IDOBJ,TIPOOBJ,IDOBJUSUARIO,TIPOOBJUSUARIO)VALUES('ID_TBLVLD_ESTADOELAB',2,'5',1);

	--Tabla de Validación: Lengua
	INSERT INTO ADUSOOBJETO (IDOBJ,TIPOOBJ,IDOBJUSUARIO,TIPOOBJUSUARIO)VALUES('ID_TBLVLD_LENGUA',2,'5',1);

	--Tabla de Validación: Nivel de detalle
	INSERT INTO ADUSOOBJETO (IDOBJ,TIPOOBJ,IDOBJUSUARIO,TIPOOBJUSUARIO)VALUES('ID_TBLVLD_NDETALLE',2,'5',1);

	--Tabla de Validación: Tipo de relación de entidades
	INSERT INTO ADUSOOBJETO (IDOBJ,TIPOOBJ,IDOBJUSUARIO,TIPOOBJUSUARIO)VALUES('ID_TBLVLD_NRELACION',2,'5',1);

	--Tabla de Validación: Tipo de entidad
	INSERT INTO ADUSOOBJETO (IDOBJ,TIPOOBJ,IDOBJUSUARIO,TIPOOBJUSUARIO)VALUES('ID_TBLVLD_TIPOENTIDAD',2,'5',1);

	--Tabla de Validación: Tipo de recurso
	INSERT INTO ADUSOOBJETO (IDOBJ,TIPOOBJ,IDOBJUSUARIO,TIPOOBJUSUARIO)VALUES('ID_TBLVLD_TIPORECURSO',2,'5',1);

	--Tabla de Validación: Tipo de relación
	INSERT INTO ADUSOOBJETO (IDOBJ,TIPOOBJ,IDOBJUSUARIO,TIPOOBJUSUARIO)VALUES('ID_TBLVLD_TIPORELACION',2,'5',1);


-- /**************************************************************************************
--  *	FICHA DE FRACCION DE SERIE																												*
--  **************************************************************************************/
--Area de mención de la identidad
INSERT INTO ADUSOOBJETO (IDOBJ,TIPOOBJ,IDOBJUSUARIO,TIPOOBJUSUARIO)VALUES('1',4,'6',1);

	--Dato: UDoc_Identificador
	INSERT INTO ADUSOOBJETO (IDOBJ,TIPOOBJ,IDOBJUSUARIO,TIPOOBJUSUARIO)VALUES('1',1,'6',1);

	--Campo Tabla: Rangos de expedientes
	INSERT INTO ADUSOOBJETO (IDOBJ,TIPOOBJ,IDOBJUSUARIO,TIPOOBJUSUARIO)VALUES('102',5,'6',1);

		--Dato: Desde
		INSERT INTO ADUSOOBJETO (IDOBJ,TIPOOBJ,IDOBJUSUARIO,TIPOOBJUSUARIO)VALUES('201',1,'6',1);

		--Dato: Hasta
		INSERT INTO ADUSOOBJETO (IDOBJ,TIPOOBJ,IDOBJUSUARIO,TIPOOBJUSUARIO)VALUES('202',1,'6',1);

	--Campo Tabla: Emplazamientos
	INSERT INTO ADUSOOBJETO (IDOBJ,TIPOOBJ,IDOBJUSUARIO,TIPOOBJUSUARIO)VALUES('3',5,'6',1);

		--Dato: Emplazamiento_País
		INSERT INTO ADUSOOBJETO (IDOBJ,TIPOOBJ,IDOBJUSUARIO,TIPOOBJUSUARIO)VALUES('2',1,'6',1);

		--Dato: Emplazamiento_Comunidad
		INSERT INTO ADUSOOBJETO (IDOBJ,TIPOOBJ,IDOBJUSUARIO,TIPOOBJUSUARIO)VALUES('39',1,'6',1);

		--Dato: Emplazamiento_Concejo
		INSERT INTO ADUSOOBJETO (IDOBJ,TIPOOBJ,IDOBJUSUARIO,TIPOOBJUSUARIO)VALUES('40',1,'6',1);

		--Dato: Emplazamiento_Población
		INSERT INTO ADUSOOBJETO (IDOBJ,TIPOOBJ,IDOBJUSUARIO,TIPOOBJUSUARIO)VALUES('41',1,'6',1);

		--Dato: Emplazamiento_Localización
		INSERT INTO ADUSOOBJETO (IDOBJ,TIPOOBJ,IDOBJUSUARIO,TIPOOBJUSUARIO)VALUES('42',1,'6',1);

		--Dato: Emplazamiento_Validado
		INSERT INTO ADUSOOBJETO (IDOBJ,TIPOOBJ,IDOBJUSUARIO,TIPOOBJUSUARIO)VALUES('212',1,'6',1);

		--Dato: Fecha Inicial
		INSERT INTO ADUSOOBJETO (IDOBJ,TIPOOBJ,IDOBJUSUARIO,TIPOOBJUSUARIO)VALUES('3',1,'6',1);

		--Dato: Fecha Final
		INSERT INTO ADUSOOBJETO (IDOBJ,TIPOOBJ,IDOBJUSUARIO,TIPOOBJUSUARIO)VALUES('4',1,'6',1);

		--Campo Tabla: Volumen y Soporte
		INSERT INTO ADUSOOBJETO (IDOBJ,TIPOOBJ,IDOBJUSUARIO,TIPOOBJUSUARIO)VALUES('1',5,'6',1);

		--Dato: Soporte
		INSERT INTO ADUSOOBJETO (IDOBJ,TIPOOBJ,IDOBJUSUARIO,TIPOOBJUSUARIO)VALUES('6',1,'6',1);

		--Dato: Formato
		INSERT INTO ADUSOOBJETO (IDOBJ,TIPOOBJ,IDOBJUSUARIO,TIPOOBJUSUARIO)VALUES('5',1,'6',1);

		--Dato: Cantidad
		INSERT INTO ADUSOOBJETO (IDOBJ,TIPOOBJ,IDOBJUSUARIO,TIPOOBJUSUARIO)VALUES('7',1,'6',1);

	--Campo Tabla: Interesados
	INSERT INTO ADUSOOBJETO (IDOBJ,TIPOOBJ,IDOBJUSUARIO,TIPOOBJUSUARIO)VALUES('2',5,'6',1);

		--Dato: Interesado_Identidad
		INSERT INTO ADUSOOBJETO (IDOBJ,TIPOOBJ,IDOBJUSUARIO,TIPOOBJUSUARIO)VALUES('9',1,'6',1);

		--Dato: Interesado_NumIdentidad
		INSERT INTO ADUSOOBJETO (IDOBJ,TIPOOBJ,IDOBJUSUARIO,TIPOOBJUSUARIO)VALUES('10',1,'6',1);

		--Dato: Interesado_Rol
		INSERT INTO ADUSOOBJETO (IDOBJ,TIPOOBJ,IDOBJUSUARIO,TIPOOBJUSUARIO)VALUES('11',1,'6',1);

		--Dato: Interesado_Validado
		INSERT INTO ADUSOOBJETO (IDOBJ,TIPOOBJ,IDOBJUSUARIO,TIPOOBJUSUARIO)VALUES('12',1,'6',1);

		--Dato: Interesado_IdTercero
		INSERT INTO ADUSOOBJETO (IDOBJ,TIPOOBJ,IDOBJUSUARIO,TIPOOBJUSUARIO)VALUES('51',1,'6',1);

		--Dato: Interesado_Principal
		INSERT INTO ADUSOOBJETO (IDOBJ,TIPOOBJ,IDOBJUSUARIO,TIPOOBJUSUARIO)VALUES('213',1,'6',1);

		--Dato: Nombre Sistema Productor
		INSERT INTO ADUSOOBJETO (IDOBJ,TIPOOBJ,IDOBJUSUARIO,TIPOOBJUSUARIO)VALUES('14',1,'6',1);

		--Dato: Publicación SAC
		INSERT INTO ADUSOOBJETO (IDOBJ,TIPOOBJ,IDOBJUSUARIO,TIPOOBJUSUARIO)VALUES('15',1,'6',1);

--Area de contexto
INSERT INTO ADUSOOBJETO (IDOBJ,TIPOOBJ,IDOBJUSUARIO,TIPOOBJUSUARIO)VALUES('2',4,'6',1);

	--Dato: Productor
	INSERT INTO ADUSOOBJETO (IDOBJ,TIPOOBJ,IDOBJUSUARIO,TIPOOBJUSUARIO)VALUES('16',1,'6',1);

	--Dato: Historia Institucional
	INSERT INTO ADUSOOBJETO (IDOBJ,TIPOOBJ,IDOBJUSUARIO,TIPOOBJUSUARIO)VALUES('17',1,'6',1);

	--Dato: Historia Archivística
	INSERT INTO ADUSOOBJETO (IDOBJ,TIPOOBJ,IDOBJUSUARIO,TIPOOBJUSUARIO)VALUES('18',1,'6',1);

	--Dato: Ingreso por
	INSERT INTO ADUSOOBJETO (IDOBJ,TIPOOBJ,IDOBJUSUARIO,TIPOOBJUSUARIO)VALUES('203',1,'6',1);

	--Dato: Código de transferencia
	INSERT INTO ADUSOOBJETO (IDOBJ,TIPOOBJ,IDOBJUSUARIO,TIPOOBJUSUARIO)VALUES('204',1,'6',1);

	--Dato: Referencias de ingreso
	INSERT INTO ADUSOOBJETO (IDOBJ,TIPOOBJ,IDOBJUSUARIO,TIPOOBJUSUARIO)VALUES('205',1,'6',1);

	--Dato: Hoja de Entrega
	INSERT INTO ADUSOOBJETO (IDOBJ,TIPOOBJ,IDOBJUSUARIO,TIPOOBJUSUARIO)VALUES('206',1,'6',1);

--Area de alcance y contenido
INSERT INTO ADUSOOBJETO (IDOBJ,TIPOOBJ,IDOBJUSUARIO,TIPOOBJUSUARIO)VALUES('3',4,'6',1);

	--Dato: Descripción Contenido
	INSERT INTO ADUSOOBJETO (IDOBJ,TIPOOBJ,IDOBJUSUARIO,TIPOOBJUSUARIO)VALUES('13',1,'6',1);

	--Campo Tabla: Documentos Físicos
	INSERT INTO ADUSOOBJETO (IDOBJ,TIPOOBJ,IDOBJUSUARIO,TIPOOBJUSUARIO)VALUES('4',5,'6',1);

	--Dato: DocumentoF_Nombre
	INSERT INTO ADUSOOBJETO (IDOBJ,TIPOOBJ,IDOBJUSUARIO,TIPOOBJUSUARIO)VALUES('19',1,'6',1);

	--Dato: DocumentoF_Descripción
	INSERT INTO ADUSOOBJETO (IDOBJ,TIPOOBJ,IDOBJUSUARIO,TIPOOBJUSUARIO)VALUES('43',1,'6',1);

    --Campo Tabla: Documentos Electrónicos
	INSERT INTO ADUSOOBJETO (IDOBJ,TIPOOBJ,IDOBJUSUARIO,TIPOOBJUSUARIO)VALUES('6',5,'6',1);

	--Dato: DocumentoE_Nombre
	INSERT INTO ADUSOOBJETO (IDOBJ,TIPOOBJ,IDOBJUSUARIO,TIPOOBJUSUARIO)VALUES('49',1,'6',1);

	--Dato: DocumentoE_Descripcion
	INSERT INTO ADUSOOBJETO (IDOBJ,TIPOOBJ,IDOBJUSUARIO,TIPOOBJUSUARIO)VALUES('50',1,'6',1);

	--Dato: Valoración_FechaEliminación
	INSERT INTO ADUSOOBJETO (IDOBJ,TIPOOBJ,IDOBJUSUARIO,TIPOOBJUSUARIO)VALUES('20',1,'6',1);

	--Dato: Nuevos ingresos
	INSERT INTO ADUSOOBJETO (IDOBJ,TIPOOBJ,IDOBJUSUARIO,TIPOOBJUSUARIO)VALUES('21',1,'6',1);

--Area de condiciones de acceso y seguridad
INSERT INTO ADUSOOBJETO (IDOBJ,TIPOOBJ,IDOBJUSUARIO,TIPOOBJUSUARIO)VALUES('4',4,'6',1);

	--Dato: Condiciones de Acceso
	INSERT INTO ADUSOOBJETO (IDOBJ,TIPOOBJ,IDOBJUSUARIO,TIPOOBJUSUARIO)VALUES('22',1,'6',1);

	--Dato: Condiciones de Reproducción
	INSERT INTO ADUSOOBJETO (IDOBJ,TIPOOBJ,IDOBJUSUARIO,TIPOOBJUSUARIO)VALUES('23',1,'6',1);

	--Dato: Lenguas
	INSERT INTO ADUSOOBJETO (IDOBJ,TIPOOBJ,IDOBJUSUARIO,TIPOOBJUSUARIO)VALUES('24',1,'6',1);

	--Dato: Características físicas
	INSERT INTO ADUSOOBJETO (IDOBJ,TIPOOBJ,IDOBJUSUARIO,TIPOOBJUSUARIO)VALUES('25',1,'6',1);

	--Dato: Instrumentos de Descripción
	INSERT INTO ADUSOOBJETO (IDOBJ,TIPOOBJ,IDOBJUSUARIO,TIPOOBJUSUARIO)VALUES('26',1,'6',1);

--Area de documentación asociada
INSERT INTO ADUSOOBJETO (IDOBJ,TIPOOBJ,IDOBJUSUARIO,TIPOOBJUSUARIO)VALUES('5',4,'6',1);

	--Dato: Originales_Existen
	INSERT INTO ADUSOOBJETO (IDOBJ,TIPOOBJ,IDOBJUSUARIO,TIPOOBJUSUARIO)VALUES('27',1,'6',1);

	--Dato: Originales_Descripción/Ubicación
	INSERT INTO ADUSOOBJETO (IDOBJ,TIPOOBJ,IDOBJUSUARIO,TIPOOBJUSUARIO)VALUES('28',1,'6',1);

	--Dato: Copias_Existen
	INSERT INTO ADUSOOBJETO (IDOBJ,TIPOOBJ,IDOBJUSUARIO,TIPOOBJUSUARIO)VALUES('29',1,'6',1);

	--Dato: Copias_Descripción/Ubicación
	INSERT INTO ADUSOOBJETO (IDOBJ,TIPOOBJ,IDOBJUSUARIO,TIPOOBJUSUARIO)VALUES('30',1,'6',1);

	--Dato: Unidades Descripción Relacionadas
	INSERT INTO ADUSOOBJETO (IDOBJ,TIPOOBJ,IDOBJUSUARIO,TIPOOBJUSUARIO)VALUES('31',1,'6',1);

	--Dato: Nota Publicación
	INSERT INTO ADUSOOBJETO (IDOBJ,TIPOOBJ,IDOBJUSUARIO,TIPOOBJUSUARIO)VALUES('32',1,'6',1);

--Area de notas
INSERT INTO ADUSOOBJETO (IDOBJ,TIPOOBJ,IDOBJUSUARIO,TIPOOBJUSUARIO)VALUES('6',4,'6',1);

	--Dato: Notas
	INSERT INTO ADUSOOBJETO (IDOBJ,TIPOOBJ,IDOBJUSUARIO,TIPOOBJUSUARIO)VALUES('35',1,'6',1);


--Area de control de la descripción
INSERT INTO ADUSOOBJETO (IDOBJ,TIPOOBJ,IDOBJUSUARIO,TIPOOBJUSUARIO)VALUES('7',4,'6',1);

	--Dato: Normas utilizadas
	INSERT INTO ADUSOOBJETO (IDOBJ,TIPOOBJ,IDOBJUSUARIO,TIPOOBJUSUARIO)VALUES('33',1,'6',1);

--Area de descriptores
INSERT INTO ADUSOOBJETO (IDOBJ,TIPOOBJ,IDOBJUSUARIO,TIPOOBJUSUARIO)VALUES('8',4,'6',1);

	--Dato: Descriptor
	INSERT INTO ADUSOOBJETO (IDOBJ,TIPOOBJ,IDOBJUSUARIO,TIPOOBJUSUARIO)VALUES('44',1,'6',1);


--DESCRIPTORES

	--Descriptor: Provincia
	INSERT INTO ADUSOOBJETO (IDOBJ,TIPOOBJ,IDOBJUSUARIO,TIPOOBJUSUARIO)VALUES('ID_LIST_PROVINCIA',3,'6',1);

	--Descriptor: Municipio
	INSERT INTO ADUSOOBJETO (IDOBJ,TIPOOBJ,IDOBJUSUARIO,TIPOOBJUSUARIO)VALUES('ID_LIST_CONCEJO',3,'6',1);

	--Descriptor: Interesados
	INSERT INTO ADUSOOBJETO (IDOBJ,TIPOOBJ,IDOBJUSUARIO,TIPOOBJUSUARIO)VALUES('ID_LIST_INTERESADO',3,'6',1);

	--Descriptor: País
	INSERT INTO ADUSOOBJETO (IDOBJ,TIPOOBJ,IDOBJUSUARIO,TIPOOBJUSUARIO)VALUES('ID_LIST_PAIS',3,'6',1);

	--Descriptor: Población
	INSERT INTO ADUSOOBJETO (IDOBJ,TIPOOBJ,IDOBJUSUARIO,TIPOOBJUSUARIO)VALUES('ID_LIST_POBLACION',3,'6',1);

	--Descriptor: Organización
	INSERT INTO ADUSOOBJETO (IDOBJ,TIPOOBJ,IDOBJUSUARIO,TIPOOBJUSUARIO)VALUES('ID_LIST_BDORGANIZACION',3,'6',1);

	--Descriptor: Organo
	INSERT INTO ADUSOOBJETO (IDOBJ,TIPOOBJ,IDOBJUSUARIO,TIPOOBJUSUARIO)VALUES('ID_LIST_ORGANO',3,'6',1);

	--Descriptor: Institución
	INSERT INTO ADUSOOBJETO (IDOBJ,TIPOOBJ,IDOBJUSUARIO,TIPOOBJUSUARIO)VALUES('ID_LIST_INSTITUCION',3,'6',1);

--TABLAS DE VALIDACION

	--Tabla de Validación: Formato
	INSERT INTO ADUSOOBJETO (IDOBJ,TIPOOBJ,IDOBJUSUARIO,TIPOOBJUSUARIO)VALUES('ID_TBLVLD_FORMATO',2,'6',1);

	--Tabla de Validación: Formas de ingreso
	INSERT INTO ADUSOOBJETO (IDOBJ,TIPOOBJ,IDOBJUSUARIO,TIPOOBJUSUARIO)VALUES('ID_TBLVLD_INGRESOS',2,'6',1);

	--Tabla de Validación: Lengua
	INSERT INTO ADUSOOBJETO (IDOBJ,TIPOOBJ,IDOBJUSUARIO,TIPOOBJUSUARIO)VALUES('ID_TBLVLD_LENGUA',2,'6',1);

	--Tabla de Validación: Rol interesado
	INSERT INTO ADUSOOBJETO (IDOBJ,TIPOOBJ,IDOBJUSUARIO,TIPOOBJUSUARIO)VALUES('ID_TBLVLD_ROLES_INTERESADO',2,'6',1);

	--Tabla de Validación: Si/No
	INSERT INTO ADUSOOBJETO (IDOBJ,TIPOOBJ,IDOBJUSUARIO,TIPOOBJUSUARIO)VALUES('ID_TBLVLD_SINO',2,'6',1);

	--Tabla de Validación: Soporte
	INSERT INTO ADUSOOBJETO (IDOBJ,TIPOOBJ,IDOBJUSUARIO,TIPOOBJUSUARIO)VALUES('ID_TBLVLD_SOPORTE',2,'6',1);

-- /********************************************
--  * Asignar los campos a las areas
--  ********************************************/

--Area de mención de la identidad->UDoc_Identificador
INSERT INTO ADUSOOBJETO (IDOBJ,TIPOOBJ,IDOBJUSUARIO,TIPOOBJUSUARIO)VALUES('1',4,'1',2);

--Area de mención de la identidad->Emplazamiento_País
INSERT INTO ADUSOOBJETO (IDOBJ,TIPOOBJ,IDOBJUSUARIO,TIPOOBJUSUARIO)VALUES('1',4,'2',2);

--Area de mención de la identidad->Fecha Inicial
INSERT INTO ADUSOOBJETO (IDOBJ,TIPOOBJ,IDOBJUSUARIO,TIPOOBJUSUARIO)VALUES('1',4,'3',2);

--Area de mención de la identidad->Fecha Final
INSERT INTO ADUSOOBJETO (IDOBJ,TIPOOBJ,IDOBJUSUARIO,TIPOOBJUSUARIO)VALUES('1',4,'4',2);

--Area de mención de la identidad->Formato
INSERT INTO ADUSOOBJETO (IDOBJ,TIPOOBJ,IDOBJUSUARIO,TIPOOBJUSUARIO)VALUES('1',4,'5',2);

--Area de mención de la identidad->Soporte
INSERT INTO ADUSOOBJETO (IDOBJ,TIPOOBJ,IDOBJUSUARIO,TIPOOBJUSUARIO)VALUES('1',4,'6',2);

--Area de mención de la identidad->Cantidad
INSERT INTO ADUSOOBJETO (IDOBJ,TIPOOBJ,IDOBJUSUARIO,TIPOOBJUSUARIO)VALUES('1',4,'7',2);

--Area de mención de la identidad->Soporte Documental
INSERT INTO ADUSOOBJETO (IDOBJ,TIPOOBJ,IDOBJUSUARIO,TIPOOBJUSUARIO)VALUES('1',4,'8',2);

--Area de mención de la identidad->Volumen y Forma Documental: Cantidad
INSERT INTO ADUSOOBJETO (IDOBJ,TIPOOBJ,IDOBJUSUARIO,TIPOOBJUSUARIO)VALUES('1',4,'214',2);

--Area de mención de la identidad->Interesado_Identidad
INSERT INTO ADUSOOBJETO (IDOBJ,TIPOOBJ,IDOBJUSUARIO,TIPOOBJUSUARIO)VALUES('1',4,'9',2);

--Area de mención de la identidad->Interesado_NumIdentidad
INSERT INTO ADUSOOBJETO (IDOBJ,TIPOOBJ,IDOBJUSUARIO,TIPOOBJUSUARIO)VALUES('1',4,'10',2);

--Area de mención de la identidad->Interesado_Rol
INSERT INTO ADUSOOBJETO (IDOBJ,TIPOOBJ,IDOBJUSUARIO,TIPOOBJUSUARIO)VALUES('1',4,'11',2);

--Area de mención de la identidad->Interesado_Validado
INSERT INTO ADUSOOBJETO (IDOBJ,TIPOOBJ,IDOBJUSUARIO,TIPOOBJUSUARIO)VALUES('1',4,'12',2);

--Area de mención de la identidad->Interesado_IdTercero
INSERT INTO ADUSOOBJETO (IDOBJ,TIPOOBJ,IDOBJUSUARIO,TIPOOBJUSUARIO)VALUES('1',4,'51',2);

--Area de mención de la identidad->Interesado_Principal
INSERT INTO ADUSOOBJETO (IDOBJ,TIPOOBJ,IDOBJUSUARIO,TIPOOBJUSUARIO)VALUES('1',4,'213',2);

--Area de alcance y contenido->Descripción Contenido
INSERT INTO ADUSOOBJETO (IDOBJ,TIPOOBJ,IDOBJUSUARIO,TIPOOBJUSUARIO)VALUES('3',4,'13',2);

--Area de mención de la identidad->Nombre Sistema Productor
INSERT INTO ADUSOOBJETO (IDOBJ,TIPOOBJ,IDOBJUSUARIO,TIPOOBJUSUARIO)VALUES('1',4,'14',2);

--Area de mención de la identidad->Publicación SAC
INSERT INTO ADUSOOBJETO (IDOBJ,TIPOOBJ,IDOBJUSUARIO,TIPOOBJUSUARIO)VALUES('1',4,'15',2);

--Area de contexto->Productor
INSERT INTO ADUSOOBJETO (IDOBJ,TIPOOBJ,IDOBJUSUARIO,TIPOOBJUSUARIO)VALUES('2',4,'16',2);

--Area de contexto->Historia Institucional
INSERT INTO ADUSOOBJETO (IDOBJ,TIPOOBJ,IDOBJUSUARIO,TIPOOBJUSUARIO)VALUES('2',4,'17',2);

--Area de contexto->Historia Archivística
INSERT INTO ADUSOOBJETO (IDOBJ,TIPOOBJ,IDOBJUSUARIO,TIPOOBJUSUARIO)VALUES('2',4,'18',2);

--Area de alcance y contenido->DocumentoF_Nombre
INSERT INTO ADUSOOBJETO (IDOBJ,TIPOOBJ,IDOBJUSUARIO,TIPOOBJUSUARIO)VALUES('3',4,'19',2);

--Area de alcance y contenido->Valoración_FechaEliminación
INSERT INTO ADUSOOBJETO (IDOBJ,TIPOOBJ,IDOBJUSUARIO,TIPOOBJUSUARIO)VALUES('3',4,'20',2);

--Area de alcance y contenido->Nuevos ingresos
INSERT INTO ADUSOOBJETO (IDOBJ,TIPOOBJ,IDOBJUSUARIO,TIPOOBJUSUARIO)VALUES('3',4,'21',2);

--Area de condiciones de acceso y seguridad->Condiciones de Acceso
INSERT INTO ADUSOOBJETO (IDOBJ,TIPOOBJ,IDOBJUSUARIO,TIPOOBJUSUARIO)VALUES('4',4,'22',2);

--Area de condiciones de acceso y seguridad->Condiciones de Reproducción
INSERT INTO ADUSOOBJETO (IDOBJ,TIPOOBJ,IDOBJUSUARIO,TIPOOBJUSUARIO)VALUES('4',4,'23',2);

--Area de condiciones de acceso y seguridad->Lenguas
INSERT INTO ADUSOOBJETO (IDOBJ,TIPOOBJ,IDOBJUSUARIO,TIPOOBJUSUARIO)VALUES('4',4,'24',2);

--Area de condiciones de acceso y seguridad->Características físicas
INSERT INTO ADUSOOBJETO (IDOBJ,TIPOOBJ,IDOBJUSUARIO,TIPOOBJUSUARIO)VALUES('4',4,'25',2);

--Area de condiciones de acceso y seguridad->Instrumentos de Descripción
INSERT INTO ADUSOOBJETO (IDOBJ,TIPOOBJ,IDOBJUSUARIO,TIPOOBJUSUARIO)VALUES('4',4,'26',2);

--Area de documentación asociada->Originales_Existen
INSERT INTO ADUSOOBJETO (IDOBJ,TIPOOBJ,IDOBJUSUARIO,TIPOOBJUSUARIO)VALUES('5',4,'27',2);

--Area de documentación asociada->Originales_Descripción/Ubicación
INSERT INTO ADUSOOBJETO (IDOBJ,TIPOOBJ,IDOBJUSUARIO,TIPOOBJUSUARIO)VALUES('5',4,'28',2);

--Area de documentación asociada->Copias_Existen
INSERT INTO ADUSOOBJETO (IDOBJ,TIPOOBJ,IDOBJUSUARIO,TIPOOBJUSUARIO)VALUES('5',4,'29',2);

--Area de documentación asociada->Copias_Descripción/Ubicación
INSERT INTO ADUSOOBJETO (IDOBJ,TIPOOBJ,IDOBJUSUARIO,TIPOOBJUSUARIO)VALUES('5',4,'30',2);

--Area de documentación asociada->Unidades Descripción Relacionadas
INSERT INTO ADUSOOBJETO (IDOBJ,TIPOOBJ,IDOBJUSUARIO,TIPOOBJUSUARIO)VALUES('5',4,'31',2);

--Area de documentación asociada->Nota Publicación
INSERT INTO ADUSOOBJETO (IDOBJ,TIPOOBJ,IDOBJUSUARIO,TIPOOBJUSUARIO)VALUES('5',4,'32',2);

--Area de control de la descripción->Normas utilizadas
INSERT INTO ADUSOOBJETO (IDOBJ,TIPOOBJ,IDOBJUSUARIO,TIPOOBJUSUARIO)VALUES('7',4,'33',2);

--Area de contexto->ProductorSerie_Nombre
INSERT INTO ADUSOOBJETO (IDOBJ,TIPOOBJ,IDOBJUSUARIO,TIPOOBJUSUARIO)VALUES('2',4,'34',2);

--Area de notas->Notas
INSERT INTO ADUSOOBJETO (IDOBJ,TIPOOBJ,IDOBJUSUARIO,TIPOOBJUSUARIO)VALUES('6',4,'35',2);

--Area de contexto->ProductorSerie_FechaIni
INSERT INTO ADUSOOBJETO (IDOBJ,TIPOOBJ,IDOBJUSUARIO,TIPOOBJUSUARIO)VALUES('2',4,'36',2);

--Area de contexto->ProductorSerie_FechaFin
INSERT INTO ADUSOOBJETO (IDOBJ,TIPOOBJ,IDOBJUSUARIO,TIPOOBJUSUARIO)VALUES('2',4,'37',2);

--Area de alcance y contenido->Alcance y contenido
INSERT INTO ADUSOOBJETO (IDOBJ,TIPOOBJ,IDOBJUSUARIO,TIPOOBJUSUARIO)VALUES('3',4,'38',2);

--Area de mención de la identidad->Emplazamiento_Comunidad
INSERT INTO ADUSOOBJETO (IDOBJ,TIPOOBJ,IDOBJUSUARIO,TIPOOBJUSUARIO)VALUES('1',4,'39',2);

--Area de mención de la identidad->Emplazamiento_Concejo
INSERT INTO ADUSOOBJETO (IDOBJ,TIPOOBJ,IDOBJUSUARIO,TIPOOBJUSUARIO)VALUES('1',4,'40',2);

--Area de mención de la identidad->Emplazamiento_Población
INSERT INTO ADUSOOBJETO (IDOBJ,TIPOOBJ,IDOBJUSUARIO,TIPOOBJUSUARIO)VALUES('1',4,'41',2);

--Area de mención de la identidad->Emplazamiento_Localización
INSERT INTO ADUSOOBJETO (IDOBJ,TIPOOBJ,IDOBJUSUARIO,TIPOOBJUSUARIO)VALUES('1',4,'42',2);

--Area de alcance y contenido->DocumentoF_Descripción
INSERT INTO ADUSOOBJETO (IDOBJ,TIPOOBJ,IDOBJUSUARIO,TIPOOBJUSUARIO)VALUES('3',4,'43',2);

--Area de descriptores->Descriptor
INSERT INTO ADUSOOBJETO (IDOBJ,TIPOOBJ,IDOBJUSUARIO,TIPOOBJUSUARIO)VALUES('8',4,'44',2);

--Area de alcance y contenido->Valoración Serie
INSERT INTO ADUSOOBJETO (IDOBJ,TIPOOBJ,IDOBJUSUARIO,TIPOOBJUSUARIO)VALUES('3',4,'46',2);

--Area de alcance y contenido->Admite Nuevos Ingresos
INSERT INTO ADUSOOBJETO (IDOBJ,TIPOOBJ,IDOBJUSUARIO,TIPOOBJUSUARIO)VALUES('3',4,'47',2);

--Area de alcance y contenido->Valoración en porcentaje
INSERT INTO ADUSOOBJETO (IDOBJ,TIPOOBJ,IDOBJUSUARIO,TIPOOBJUSUARIO)VALUES('3',4,'48',2);

--Area de alcance y contenido->DocumentoE_Nombre
INSERT INTO ADUSOOBJETO (IDOBJ,TIPOOBJ,IDOBJUSUARIO,TIPOOBJUSUARIO)VALUES('3',4,'49',2);

--Area de alcance y contenido->DocumentoE_Descripcion
INSERT INTO ADUSOOBJETO (IDOBJ,TIPOOBJ,IDOBJUSUARIO,TIPOOBJUSUARIO)VALUES('3',4,'50',2);

--Area de Identificación->Tipo de entidad
INSERT INTO ADUSOOBJETO (IDOBJ,TIPOOBJ,IDOBJUSUARIO,TIPOOBJUSUARIO)VALUES('9',4,'100',2);

--Area de Identificación->Forma autorizada de nombre
INSERT INTO ADUSOOBJETO (IDOBJ,TIPOOBJ,IDOBJUSUARIO,TIPOOBJUSUARIO)VALUES('9',4,'101',2);

--Area de Identificación->Formas paralelas de nombre
INSERT INTO ADUSOOBJETO (IDOBJ,TIPOOBJ,IDOBJUSUARIO,TIPOOBJUSUARIO)VALUES('9',4,'102',2);

--Area de Identificación->Formas normalizadas de nombre
INSERT INTO ADUSOOBJETO (IDOBJ,TIPOOBJ,IDOBJUSUARIO,TIPOOBJUSUARIO)VALUES('9',4,'103',2);

--Area de Identificación->Otras formas de nombre
INSERT INTO ADUSOOBJETO (IDOBJ,TIPOOBJ,IDOBJUSUARIO,TIPOOBJUSUARIO)VALUES('9',4,'104',2);

--Area de Identificación->Identificadores para instituciones
INSERT INTO ADUSOOBJETO (IDOBJ,TIPOOBJ,IDOBJUSUARIO,TIPOOBJUSUARIO)VALUES('9',4,'105',2);

--Area de Descripción->Fechas Existencia Inicial
INSERT INTO ADUSOOBJETO (IDOBJ,TIPOOBJ,IDOBJUSUARIO,TIPOOBJUSUARIO)VALUES('10',4,'106',2);

--Area de Descripción->Fechas Existencia Final
INSERT INTO ADUSOOBJETO (IDOBJ,TIPOOBJ,IDOBJUSUARIO,TIPOOBJUSUARIO)VALUES('10',4,'218',2);

--Area de Descripción->Historia
INSERT INTO ADUSOOBJETO (IDOBJ,TIPOOBJ,IDOBJUSUARIO,TIPOOBJUSUARIO)VALUES('10',4,'107',2);

--Area de Descripción->Lugar
INSERT INTO ADUSOOBJETO (IDOBJ,TIPOOBJ,IDOBJUSUARIO,TIPOOBJUSUARIO)VALUES('10',4,'108',2);

--Area de Descripción->Estatuto jurídico
INSERT INTO ADUSOOBJETO (IDOBJ,TIPOOBJ,IDOBJUSUARIO,TIPOOBJUSUARIO)VALUES('10',4,'109',2);

--Area de Descripción->Funciones, ocupaciones
INSERT INTO ADUSOOBJETO (IDOBJ,TIPOOBJ,IDOBJUSUARIO,TIPOOBJUSUARIO)VALUES('10',4,'110',2);

--Area de Descripción->Atribuciones/Fuentes Legales
INSERT INTO ADUSOOBJETO (IDOBJ,TIPOOBJ,IDOBJUSUARIO,TIPOOBJUSUARIO)VALUES('10',4,'111',2);

--Area de Descripción->Estructura interna/Genealogía
INSERT INTO ADUSOOBJETO (IDOBJ,TIPOOBJ,IDOBJUSUARIO,TIPOOBJUSUARIO)VALUES('10',4,'112',2);

--Area de Descripción->Contexto General
INSERT INTO ADUSOOBJETO (IDOBJ,TIPOOBJ,IDOBJUSUARIO,TIPOOBJUSUARIO)VALUES('10',4,'113',2);

--Area de Relaciones->Nombre entidad relacionada
INSERT INTO ADUSOOBJETO (IDOBJ,TIPOOBJ,IDOBJUSUARIO,TIPOOBJUSUARIO)VALUES('11',4,'114',2);

--Area de Relaciones->Tipo de relación
INSERT INTO ADUSOOBJETO (IDOBJ,TIPOOBJ,IDOBJUSUARIO,TIPOOBJUSUARIO)VALUES('11',4,'115',2);

--Area de Relaciones->Descripción de relación
INSERT INTO ADUSOOBJETO (IDOBJ,TIPOOBJ,IDOBJUSUARIO,TIPOOBJUSUARIO)VALUES('11',4,'116',2);

--Area de Relaciones->Fecha inicio relación
INSERT INTO ADUSOOBJETO (IDOBJ,TIPOOBJ,IDOBJUSUARIO,TIPOOBJUSUARIO)VALUES('11',4,'117',2);

--Area de Relaciones->Fecha fin relación
INSERT INTO ADUSOOBJETO (IDOBJ,TIPOOBJ,IDOBJUSUARIO,TIPOOBJUSUARIO)VALUES('11',4,'118',2);

--Area de Control->Identificador de autoridad
INSERT INTO ADUSOOBJETO (IDOBJ,TIPOOBJ,IDOBJUSUARIO,TIPOOBJUSUARIO)VALUES('12',4,'119',2);

--Area de Control->Identificador institución
INSERT INTO ADUSOOBJETO (IDOBJ,TIPOOBJ,IDOBJUSUARIO,TIPOOBJUSUARIO)VALUES('12',4,'120',2);

--Area de Control->Reglas/Convenciones
INSERT INTO ADUSOOBJETO (IDOBJ,TIPOOBJ,IDOBJUSUARIO,TIPOOBJUSUARIO)VALUES('12',4,'121',2);

--Area de Control->Estado de elaboración
INSERT INTO ADUSOOBJETO (IDOBJ,TIPOOBJ,IDOBJUSUARIO,TIPOOBJUSUARIO)VALUES('12',4,'122',2);

--Area de Control->Nivel de detalle
INSERT INTO ADUSOOBJETO (IDOBJ,TIPOOBJ,IDOBJUSUARIO,TIPOOBJUSUARIO)VALUES('12',4,'123',2);

--Area de Control->Fecha Creación Registro Autoridad
INSERT INTO ADUSOOBJETO (IDOBJ,TIPOOBJ,IDOBJUSUARIO,TIPOOBJUSUARIO)VALUES('12',4,'124',2);

--Area de Control->Lenguas y escrituras
INSERT INTO ADUSOOBJETO (IDOBJ,TIPOOBJ,IDOBJUSUARIO,TIPOOBJUSUARIO)VALUES('12',4,'127',2);

--Area de Control->Fuentes
INSERT INTO ADUSOOBJETO (IDOBJ,TIPOOBJ,IDOBJUSUARIO,TIPOOBJUSUARIO)VALUES('12',4,'128',2);

--Area de Control->Nota de mantenimiento
INSERT INTO ADUSOOBJETO (IDOBJ,TIPOOBJ,IDOBJUSUARIO,TIPOOBJUSUARIO)VALUES('12',4,'129',2);

--Relación de instituciones, personas y familias, con documentos de archivo y otros recursos->Título de recurso
INSERT INTO ADUSOOBJETO (IDOBJ,TIPOOBJ,IDOBJUSUARIO,TIPOOBJUSUARIO)VALUES('13',4,'130',2);

--Relación de instituciones, personas y familias, con documentos de archivo y otros recursos->Identificador de recurso
INSERT INTO ADUSOOBJETO (IDOBJ,TIPOOBJ,IDOBJUSUARIO,TIPOOBJUSUARIO)VALUES('13',4,'131',2);

--Relación de instituciones, personas y familias, con documentos de archivo y otros recursos->Tipo de recurso
INSERT INTO ADUSOOBJETO (IDOBJ,TIPOOBJ,IDOBJUSUARIO,TIPOOBJUSUARIO)VALUES('13',4,'132',2);

--Relación de instituciones, personas y familias, con documentos de archivo y otros recursos->Naturaleza de la relación
INSERT INTO ADUSOOBJETO (IDOBJ,TIPOOBJ,IDOBJUSUARIO,TIPOOBJUSUARIO)VALUES('13',4,'133',2);

--Relación de instituciones, personas y familias, con documentos de archivo y otros recursos->Fecha de relación
INSERT INTO ADUSOOBJETO (IDOBJ,TIPOOBJ,IDOBJUSUARIO,TIPOOBJUSUARIO)VALUES('13',4,'134',2);

--Area de mención de la identidad->Rango de expedientes: Desde
INSERT INTO ADUSOOBJETO (IDOBJ,TIPOOBJ,IDOBJUSUARIO,TIPOOBJUSUARIO)VALUES('1',4,'201',2);

--Area de mención de la identidad->Rango de expedientes: Hasta
INSERT INTO ADUSOOBJETO (IDOBJ,TIPOOBJ,IDOBJUSUARIO,TIPOOBJUSUARIO)VALUES('1',4,'202',2);

--Area de contexto->Ingreso por
INSERT INTO ADUSOOBJETO (IDOBJ,TIPOOBJ,IDOBJUSUARIO,TIPOOBJUSUARIO)VALUES('2',4,'203',2);

--Area de contexto->Código de transferencia
INSERT INTO ADUSOOBJETO (IDOBJ,TIPOOBJ,IDOBJUSUARIO,TIPOOBJUSUARIO)VALUES('2',4,'204',2);

--Area de contexto->Referencias de ingreso
INSERT INTO ADUSOOBJETO (IDOBJ,TIPOOBJ,IDOBJUSUARIO,TIPOOBJUSUARIO)VALUES('2',4,'205',2);

--Area de contexto->Hoja de Entrega
INSERT INTO ADUSOOBJETO (IDOBJ,TIPOOBJ,IDOBJUSUARIO,TIPOOBJUSUARIO)VALUES('2',4,'206',2);

--Area de mención de la identidad->Rango de expedientes: Desde Normalizado
INSERT INTO ADUSOOBJETO (IDOBJ,TIPOOBJ,IDOBJUSUARIO,TIPOOBJUSUARIO)VALUES('1',4,'210',2);

--Area de mención de la identidad->Rango de expedientes: Hasta Normalizado
INSERT INTO ADUSOOBJETO (IDOBJ,TIPOOBJ,IDOBJUSUARIO,TIPOOBJUSUARIO)VALUES('1',4,'211',2);

--Area de mención de la identidad->Emplazamiento_Validado
INSERT INTO ADUSOOBJETO (IDOBJ,TIPOOBJ,IDOBJUSUARIO,TIPOOBJUSUARIO)VALUES('1',4,'212',2);

-- /********************************************
--  * Asignar las tablas a las areas
--  ********************************************/

--Area de mención de la identidad->Tabla Volumen y Soporte
INSERT INTO ADUSOOBJETO (IDOBJ,TIPOOBJ,IDOBJUSUARIO,TIPOOBJUSUARIO)VALUES('1',4,'1',3);

--Area de mención de la identidad->Tabla Interesados
INSERT INTO ADUSOOBJETO (IDOBJ,TIPOOBJ,IDOBJUSUARIO,TIPOOBJUSUARIO)VALUES('1',4,'2',3);

--Area de mención de la identidad->Tabla Emplazamientos
INSERT INTO ADUSOOBJETO (IDOBJ,TIPOOBJ,IDOBJUSUARIO,TIPOOBJUSUARIO)VALUES('1',4,'3',3);

--Area de mención de la identidad->Tabla Rangos de Expedientes
INSERT INTO ADUSOOBJETO (IDOBJ,TIPOOBJ,IDOBJUSUARIO,TIPOOBJUSUARIO)VALUES('1',4,'102',3);

--Area de contexto->Tabla Productores de Serie
INSERT INTO ADUSOOBJETO (IDOBJ,TIPOOBJ,IDOBJUSUARIO,TIPOOBJUSUARIO)VALUES('2',4,'5',3);

--Area de alcance y contenido->Tabla Documentos Físicos
INSERT INTO ADUSOOBJETO (IDOBJ,TIPOOBJ,IDOBJUSUARIO,TIPOOBJUSUARIO)VALUES('3',4,'4',3);

--Area de alcance y contenido->Tabla Documentos Electrónicos
INSERT INTO ADUSOOBJETO (IDOBJ,TIPOOBJ,IDOBJUSUARIO,TIPOOBJUSUARIO)VALUES('3',4,'6',3);

--Area de Relaciones->Tabla Entidades Relacionadas
INSERT INTO ADUSOOBJETO (IDOBJ,TIPOOBJ,IDOBJUSUARIO,TIPOOBJUSUARIO)VALUES('11',4,'100',3);

--Area de Relaciones->Tabla Relaciones de entidades con otros recursos
INSERT INTO ADUSOOBJETO (IDOBJ,TIPOOBJ,IDOBJUSUARIO,TIPOOBJUSUARIO)VALUES('11',4,'101',3);

--Area de mención de la identidad->Tabla Volumen y Forma Documental
INSERT INTO ADUSOOBJETO (IDOBJ,TIPOOBJ,IDOBJUSUARIO,TIPOOBJUSUARIO)VALUES('1',4,'7',3);

--Area de Descripción->Tabla Fechas Existencia
INSERT INTO ADUSOOBJETO (IDOBJ,TIPOOBJ,IDOBJUSUARIO,TIPOOBJUSUARIO)VALUES('10',4,'104',3);
