<?xml version="1.0" encoding="UTF-8"?>
<digester-rules>
<pattern value="lista_paises">
	<object-create-rule classname="common.vos.PaisesVO" />
	<pattern value="pais">
		<object-create-rule classname="common.vos.PaisVO" />
		<set-properties-rule >
			<alias attr-name="nombre" prop-name="nombre" />
			<alias attr-name="codigo" prop-name="codigo" />
		</set-properties-rule>
		<call-method-rule pattern="nombre" methodname="setNombre" paramcount="0"/>
		<call-method-rule pattern="codigo" methodname="setCodigo" paramcount="0"/>
		<pattern value="comunidad">
			<object-create-rule classname="common.vos.ComunidadVO" />
			<set-properties-rule>
				<alias attr-name="nombre" prop-name="nombre" />
				<alias attr-name="codigo" prop-name="codigocomunidad" />
			</set-properties-rule>
			<call-method-rule pattern="nombre" methodname="setNombre" paramcount="0"/>
			<call-method-rule pattern="codigo" methodname="setCodigocomunidad" paramcount="0"/>
			<set-next-rule methodname="addComunidad" />
		</pattern>	
		<set-next-rule methodname="addPais" />
	</pattern>
</pattern>
</digester-rules>