<?xml version="1.0" encoding="UTF-8"?>

<digester-rules>
   <pattern value="identificacion_serie">
      <!--object-create-rule classname="fondos.model.IdentificacionSerie" /-->
      <call-method-rule pattern="definicion" methodname="setDefinicion" paramcount="0" />
      <call-method-rule pattern="tramites" methodname="setTramites" paramcount="0" />
      <call-method-rule pattern="normativa" methodname="setNormativa" paramcount="0" />
      <call-method-rule pattern="docs_basicos_unidad_documental" methodname="setDocsBasicosUnidadDocumental" paramcount="0" />

      <!--call-method-rule pattern="registros_estudio_serie/registro" methodname="addRegistro" paramcount="0" /-->

      <call-method-rule pattern="procedimiento" methodname="setProcedimiento" paramcount="3" />
    	<call-param-rule pattern="procedimiento/identificacion" paramnumber ="0" />	                
    	<call-param-rule pattern="procedimiento/nombre" paramnumber ="1" />	                
    	<call-param-rule pattern="procedimiento/codigo_sistema_productor" paramnumber ="2" />	                

      <call-method-rule pattern="informacion_extendida" methodname="setInfoExtendida" paramcount="3" />
    	<call-param-rule pattern="informacion_extendida/tipo_documentacion" paramnumber ="0" />	                
    	<call-param-rule pattern="informacion_extendida/prevision_anual/volumen" paramnumber ="1" />	                
    	<call-param-rule pattern="informacion_extendida/prevision_anual/soporte" paramnumber ="2" />	                


   </pattern>
   
</digester-rules>