<?xml version="1.0" encoding="ISO-8859-1"?>
<Busqueda version="5.0" descripcion="B�squeda con todas las opciones de entrada y salida">
	<entrada>
 		<campo nombre="Codigo_Referencia" mostrar="S" tipo="1"/>
		<campo nombre="Titulo" mostrar="S" tipo="1"/>
		<campo nombre="Rangos" mostrar="S" tipo="1">
			<restriccion id="RangosInicialNorm" tipo="1"/>
			<restriccion id="RangosFinalNorm" tipo="1"/>
			<restriccion id="Numero_Expediente" tipo="-3"/>
		</campo>
		<campo nombre="Numero_Expediente" mostrar="S" tipo="1">
			<restriccion id="UDoc_EnRelEntrega" tipo="-5"/>
			<restriccion id="Rangos" tipo="-6"/>
		</campo>
		<campo nombre="Texto" mostrar="S" tipo="7">
			<!-- <restriccion id="Titulo" tipo="-1"/>-->
		</campo>
		<campo nombre="Fecha_Inicial" mostrar="S" mostrarCalificadores="S" tipo="3">
			<restriccion id="Fecha_Inicial" tipo="3"/>
		</campo>
		<campo nombre="Fecha_Final" mostrar="S" mostrarCalificadores="S" tipo="3">
			<restriccion id="Fecha_Final" tipo="3"/>
		</campo>
		<campo nombre="Fechas" mostrar="S" mostrarCalificadores="S" tipo="3">
			<restriccion id="Fechas" tipo="3"/>
		</campo>
		<campo nombre="Productor" mostrar="S" tipo="4">
			<restriccion id="Productor" tipo="5">
				<listasDescriptoras>
					<lista>ID_LIST_INSTITUCION</lista>
					<lista>ID_LIST_PERSONA</lista>
					<lista>ID_LIST_FAMILIA</lista>
					<lista>ID_LIST_BDORGANIZACION</lista>
					<lista>ID_LIST_ORGANO</lista>
				</listasDescriptoras>
			</restriccion>
		</campo>
		<campo nombre="Fondo" mostrar="S" tipo="4"/>
		<campo nombre="Niveles_Descripcion" mostrar="S" tipo="4"/>
		<campo nombre="Descriptores" mostrar="S" tipo="4"/>
		<campo nombre="Ambito" mostrar="S" tipo="4"/>
		<campo nombre="Dato_Numerico" mostrar="S" tipo="2"/>
		<campo nombre="Estado" mostrar="S" tipo="4"/>
		<campo nombre="Codigo" mostrar="S"  tipo="1"/>
		<campo nombre="Condiciones_Avanzadas" mostrar="S" tipo="0"/>
		<campo nombre="Procedimiento" mostrar="S" tipo="4"/>
		<campo nombre="Contenido_Fichero" mostrar="S" tipo="1"/>
	</entrada>
	<salida>
		<campo nombre="Codigo_Referencia"  mostrar="S" tipo="1"/>
		<campo nombre="Titulo" mostrar="S" tipo="1"/>
		<campo nombre="Rangos" mostrar="S" tipo="1">
			<restriccion id="RangosInicial" tipo="1"/>
			<restriccion id="RangosFinal" tipo="1"/>
		</campo>
		<campo nombre="Rangos_Numero_Expediente" mostrar="S" tipo="1">
			<restriccion id="RangosInicial" tipo="1"/>
			<restriccion id="RangosFinal" tipo="1"/>
		</campo>
	 	<campo nombre="Codigo" mostrar="S" mostrarLink="S" tipo="1"/>
	 	<campo nombre="Numero_Expediente" mostrar="S" tipo="1"/>
		<campo nombre="Fondo" mostrar="S" tipo="1"/>
		<campo nombre="Estado" mostrar="S" tipo="4"/>
		<campo nombre="Productor" mostrar="S" tipo="4">
			<restriccion id="Productor" tipo="5"/>
		</campo>
		<campo nombre="Fecha_Inicial" mostrar="S" tipo="3">
			<restriccion id="Fecha_Inicial" tipo="3"/>
		</campo>
		<campo nombre="Fecha_Final" mostrar="S" tipo="3">
			<restriccion id="Fecha_Final" tipo="3"/>
		</campo>
		<campo nombre="Nivel" mostrar="S" tipo="4"/>
		<campo nombre="Documentos_Electronicos" mostrar="S" tipo="1"/><!-- Muestra un Link a los documentos electr�nicos. -->
	</salida>
	<ordenacion tipo="ASC">
		<orden>Codigo_Referencia</orden>
	</ordenacion>
	<acciones>
		<accion>MOVER_ELEMENTOS</accion>
		<accion>CREAR_PRESTAMO</accion>
		<accion>ANIADIR_A_PRESTAMO</accion>
		<accion>CREAR_CONSULTA</accion>
		<accion>ANIADIR_A_CONSULTA</accion>
		<accion>BLOQUEAR</accion>
		<accion>DESBLOQUEAR</accion>
		<accion>NO_CONSERVAR</accion>
	</acciones>
</Busqueda>