<?xml version="1.0" encoding="UTF-8"?>
<digester-rules>
	<pattern value="ConfigBusquedas">
	    <object-create-rule classname="xml.config.ConfiguracionBusquedas" />
	    
	    <set-properties-rule>
	      <alias attr-name="version" prop-name="version" />
	      <alias attr-name="descripcion" prop-name="descripcion" />      
	    </set-properties-rule>
	
  	    <pattern value="Campos_Descriptivos/campo">
	    	<object-create-rule classname="xml.config.CampoDescriptivoConfigBusqueda" />
	    	<set-properties-rule>
				<alias attr-name="campo/nombre" prop-name="nombre"/>
				<alias attr-name="campo/valor" prop-name="valor"/>
				<alias attr-name="campo/tipo" prop-name="tipo"/>
			</set-properties-rule>          
			<set-next-rule methodname="addCampoDescriptivo" />               
	    </pattern>
	    
  	    <pattern value="Listas_Descriptoras/lista">
	    	<object-create-rule classname="xml.config.ListaDescriptoraConfigBusqueda" />
	    	<set-properties-rule>
				<alias attr-name="lista/nombre" prop-name="nombre"/>
				<alias attr-name="lista/valor" prop-name="valor"/>
				<alias attr-name="campo/tipo" prop-name="tipo"/>
			</set-properties-rule>          
			<set-next-rule methodname="addListaDescriptora" />               
	    </pattern>	    

	</pattern>
</digester-rules>