<?xml version="1.0" encoding="UTF-8"?>
<digester-rules>
   <pattern value="INFO_FICHA_UDOC_LVOL">
	   <pattern value="NIVELES_DOCUMENTALES/NIVEL">
	 	    <object-create-rule classname="fondos.vos.NivelFichaUDocRepEcmVO" />
	   		<call-method-rule pattern="ID_NIVEL" methodname="setIdNivel" paramcount="0" />
			<call-method-rule pattern="ID_FICHADESCRPREFUDOC" methodname="setIdFichaDescrPrefUdoc" paramcount="0" />
			<call-method-rule pattern="ID_LVOLPREFUDOC" methodname="setIdRepEcmPrefUdoc" paramcount="0" />
			<call-method-rule pattern="ID_FICHACLFDOCPREFUDOC" methodname="setIdFichaClfDocPrefUdoc" paramcount="0" />
			<call-method-rule pattern="ACTUALIZAR_UDOCS" methodname="setUpdateUDocs" paramcount="0" />
			<set-next-rule methodname="addNivelFichaUDocRepEcm" />
		</pattern>
   </pattern>

   <pattern value="INFO_FICHA_UDOC_REP_ECM">
	   <pattern value="NIVELES_DOCUMENTALES/NIVEL">
	 	    <object-create-rule classname="fondos.vos.NivelFichaUDocRepEcmVO" />
	   		<call-method-rule pattern="ID_NIVEL" methodname="setIdNivel" paramcount="0" />
			<call-method-rule pattern="ID_FICHADESCRPREFUDOC" methodname="setIdFichaDescrPrefUdoc" paramcount="0" />
			<call-method-rule pattern="ID_REPECMPREFUDOC" methodname="setIdRepEcmPrefUdoc" paramcount="0" />
			<call-method-rule pattern="ID_FICHACLFDOCPREFUDOC" methodname="setIdFichaClfDocPrefUdoc" paramcount="0" />
			<call-method-rule pattern="ACTUALIZAR_UDOCS" methodname="setUpdateUDocs" paramcount="0" />
			<set-next-rule methodname="addNivelFichaUDocRepEcm" />
		</pattern>
   </pattern>
</digester-rules>