<?xml version="1.0" encoding="ISO-8859-1"?>
<Busqueda version="5.0" descripcion="B�squeda en los elementos del cuadro">
	<entrada>
 		<campo nombre="Codigo_Referencia" mostrar="S" tipo="1"/>
		<campo nombre="Titulo" mostrar="S" tipo="1">
		 	<restriccion id="Interesado_Identidad" tipo="5">
				<listasDescriptoras>
					<lista>ID_LIST_INTERESADO_IDENTIDAD</lista>
				</listasDescriptoras>
			</restriccion>
			<restriccion id="Localizacion" tipo="1"/>
 			<restriccion id="Emplazamiento_Pais" tipo="5">
				<listasDescriptoras>
					<lista>ID_LIST_PAIS</lista>
				</listasDescriptoras>
			</restriccion>
 			<restriccion id="Emplazamiento_Comunidad" tipo="5">
				<listasDescriptoras>
					<lista>ID_LIST_COMUNIDAD</lista>
				</listasDescriptoras>
			</restriccion>
 			<restriccion id="Emplazamiento_Concejo" tipo="5">
				<listasDescriptoras>
					<lista>ID_LIST_CONCEJO</lista>
				</listasDescriptoras>
			</restriccion>
 			<restriccion id="Emplazamiento_Poblacion" tipo="5">
				<listasDescriptoras>
					<lista>ID_LIST_POBLACION</lista>
				</listasDescriptoras>
			</restriccion>
		</campo>
		<campo nombre="Numero_Expediente" mostrar="S" tipo="1"/>
		<campo nombre="Fechas" mostrar="S" mostrarCalificadores="S" tipo="3">
			<restriccion id="Fechas" tipo="3"/>
		</campo>
		<campo nombre="Fondo" mostrar="S" tipo="1"/>
		<campo nombre="Niveles_Descripcion" mostrar="S" tipo="4"/>
	</entrada>
	<salida>
		<campo nombre="Codigo" mostrar="S" mostrarLink="S" tipo="1"/>
	 	<campo nombre="Numero_Expediente" mostrar="S"  mostrarLink="S" tipo="1"/>
		<campo nombre="Titulo" mostrar="S"  mostrarLink="S" tipo="1"/>
		<campo nombre="Fondo" mostrar="S" tipo="1"/>
		<campo nombre="Fecha_Inicial" mostrar="S" tipo="3">
			<restriccion id="Fecha_Inicial"/>
		</campo>
		<campo nombre="Fecha_Final" mostrar="S" tipo="3">
			<restriccion id="Fecha_Final"/>
		</campo>
	</salida>
</Busqueda>