

-- TABLA idocarchdet
insert into idocarchdet (archid, dettype, detval) values(1,4,'"01.00"|"","",0,0');
insert into idocarchdet (archid, dettype, detval) values(2,4,'"01.00"|"","",0,0');
insert into idocarchdet (archid, dettype, detval) values(2,2,'"01.01"|""|1,3');
insert into idocarchdet (archid, dettype, detval) values(2,1,'"01.00"|15|1,"Número de registro",1,20,1,"Fld1",0,0,""|2,"Fecha de registro",9,0,1,"Fld2",0,0,""|3,"Usuario",1,32,1,"Fld3",0,0,""|4,"Fecha de trabajo",7,0,0,"Fld4",0,0,""|5,"Oficina de registro",4,0,1,"Fld5",0,0,""|6,"Estado",4,0,1,"Fld6",0,0,""|7,"Origen",4,0,1,"Fld7",0,0,""|8,"Destino",4,0,1,"Fld8",0,0,""|9,"Destinatarios",1,80,1,"Fld9",0,0,""|10,"Tipo de transporte",1,31,1,"Fld10",0,0,""|11,"Número de transporte",1,30,1,"Fld11",0,0,""|12,"Tipo de asunto",4,0,1,"Fld12",0,0,""|13,"Resumen",1,240,1,"Fld13",0,0,""|14,"Comentario",2,65535,1,"Fld14",0,0,""|15,"Fecha del documento",7,0,1,"Fld15",0,0,""|8|1,"SREG1",1,1,1|2,"SREG2",0,1,2|3,"SREG3",0,1,4|4,"SREG4",0,1,6|5,"SREG5",0,1,7|6,"SREG6",0,1,8|7,"SREG7",0,1,9|8,"SREG8",0,1,5');
insert into idocarchdet (archid, dettype, detval) values(2,5,'"01.00"|2147483646|1|4|8|2|2,9,"-",":"," ",1,1|0,2147483646|4|2,7,"-","","",1,0|0,2147483646|5|1,4,".","",0|0,2147483646|6|1,4,".","",0|0,2147483646|7|1,4,".","",0|0,2147483646|8|1,4,".","",0|0,2147483646|12|1,4,".","",0|0,2147483646|14|2,7,"-","","",1,0|0,2147483646');
insert into idocarchdet (archid, dettype, detval) values(4,4,'"01.00"|"","",0,0');
insert into idocarchdet (archid, dettype, detval) values(3,1,'"01.00"|15|1,"document_id",4,0,1,"Fld1",0,0,""|2,"document_name",1,250,1,"Fld2",0,0,""|3,"document_type",4,0,1,"Fld3",0,0,""|4,"procedure_id",4,0,1,"Fld4",0,0,""|5,"procedure_name",1,250,1,"Fld5",0,0,""|6,"expedient_id",4,0,1,"Fld6",0,0,""|7,"expedient_name",1,250,1,"Fld7",0,0,""|8,"user_guid",1,250,1,"Fld8",0,0,""|9,"user_name",1,250,1,"Fld9",0,0,""|10,"stage_id",4,0,1,"Fld10",0,0,""|11,"stage_name",1,250,1,"Fld11",0,0,""|12,"task_id",4,0,1,"Fld12",0,0,""|13,"task_name",1,250,1,"Fld13",0,0,""|14,"mimetype",1,250,1,"Fld14",0,0,""|15,"document_size",4,0,1,"Fld15",0,0,""|2|1,"index1",0,1,1|2,"index2",0,1,4');
insert into idocarchdet (archid, dettype, detval) values(3,2,'"01.01"|""|1,4');
insert into idocarchdet (archid, dettype, detval) values(3,5,'"01.00"|2147483646|0|7|1|1,4,".","",0|0,2147483646|3|1,4,".","",0|0,2147483646|4|1,4,".","",0|0,2147483646|6|1,4,".","",0|0,2147483646|10|1,4,".","",0|0,2147483646|12|1,4,".","",0|0,2147483646|15|1,4,".","",0|0,2147483646');
insert into idocarchdet (archid, dettype, detval) values(3,4,'"01.00"|"","",0,0');
insert into idocarchdet (archid, dettype, detval) values(4,1,'"01.00"|9|1,"Nº Expediente",1,250,1,"Fld1",0,0,""|2,"Código Procedimiento",1,250,1,"Fld2",0,0,""|3,"Fase",1,250,1,"Fld3",0,0,""|4,"Trámite",1,250,1,"Fld4",0,0,""|5,"Tipo Documento",1,250,1,"Fld5",0,0,""|6,"Firma",2,4096,1,"Fld6",0,0,""|7,"Tipo MIME",1,250,1,"Fld7",0,0,""|8,"Longitud",4,0,1,"Fld8",0,0,""|9,"Fecha Creación",7,0,1,"Fld9",0,0,""|1|1,"Nº Expediente",0,1,1');
insert into idocarchdet (archid, dettype, detval) values(4,2,'"01.01"|""|1,4');
insert into idocarchdet (archid, dettype, detval) values(4,5,'"01.00"|2147483646|0|2|8|1,4,".","",0|0,2147483646|9|2,7,"-","","",1,0|0,2147483646');
insert into idocarchdet (archid, dettype, detval) values(1,1,'"01.00"|20|1,"Número de registro",1,20,1,"Fld1",0,0,""|2,"Fecha de registro",9,0,1,"Fld2",0,0,""|3,"Usuario",1,32,1,"Fld3",0,0,""|4,"Fecha de trabajo",7,0,1,"Fld4",0,0,""|5,"Oficina de registro",4,0,1,"Fld5",0,0,""|6,"Estado",4,0,1,"Fld6",0,0,""|7,"Origen",4,0,1,"Fld7",0,0,""|8,"Destino",4,0,1,"Fld8",0,0,""|9,"Remitentes",1,80,1,"Fld9",0,0,""|10,"Nº. registro original",1,20,1,"Fld10",0,0,""|11,"Tipo de registro original",4,0,1,"Fld11",0,0,""|12,"Fecha de registro original",7,0,1,"Fld12",0,0,""|13,"Registro original",4,0,1,"Fld13",0,0,""|14,"Tipo de transporte",1,31,1,"Fld14",0,0,""|15,"Número de transporte",1,30,1,"Fld15",0,0,""|16,"Tipo de asunto",4,0,1,"Fld16",0,0,""|17,"Resumen",1,240,1,"Fld17",0,0,""|18,"Comentario",2,65535,1,"Fld18",0,0,""|19,"Referencia de Expediente",1,50,1,"Fld19",0,0,""|20,"Fecha del documento",7,0,1,"Fld20",0,0,""|8|1,"EREG1",1,1,1|2,"EREG2",0,1,2|3,"EREG3",0,1,4|4,"EREG4",0,1,6|5,"EREG5",0,1,7|6,"EREG6",0,1,8|7,"EREG7",0,1,9|8,"EREG8",0,1,5');
insert into idocarchdet (archid, dettype, detval) values(1,2,'"01.01"|""|1,3');
insert into idocarchdet (archid, dettype, detval) values(1,5,'"01.00"|2147483646|0|11|2|2,9,"-",":"," ",1,1|0,2147483646|4|2,7,"-","","",1,0|0,2147483646|5|1,4,".","",0|0,2147483646|6|1,4,".","",0|0,2147483646|7|1,4,".","",0|0,2147483646|8|1,4,".","",0|0,2147483646|11|1,4,".","",0|0,2147483646|12|2,7,"-","","",1,0|0,2147483646|13|1,4,".","",0|0,2147483646|16|1,4,".","",0|0,2147483646|20|2,7,"-","","",1,0|0,2147483646');


-- TABLA idocdatnode
insert into idocdatnode (id, type, parentid) values (1,1,0);
insert into idocdatnode (id, type, parentid) values (1,2,1);
insert into idocdatnode (id, type, parentid) values (2,2,1);
insert into idocdatnode (id, type, parentid) values (3,2,1);
insert into idocdatnode (id, type, parentid) values (4,2,1);


-- TABLA idocfmt
insert into idocfmt (id, name, archid, type, subtype, data, remarks, accesstype, acsid, crtrid, crtndate, updrid, upddate) values (11,'Predeterminado',2,2,3,'"01.04"|7,31,819,300,9,"MS Sans Serif",8,11|103,"Número de registro",0,1,1|96,"Fecha de registro",0,2,1|114,"Fecha de trabajo",0,4,1|57,"Usuario",0,3,1|97,"Oficina de registro",0,5,1|88,"Origen",0,7,1|97,"Destino",0,8,1|82,"Destinatarios",0,9,1|54,"Estado",0,6,1|69,"Resumen",0,13,1|94,"Tipo de asunto",0,12,1|1,0|2147483646|0','',1,2147483646,0,'2007-10-16 13:42:58',null,null);
insert into idocfmt (id, name, archid, type, subtype, data, remarks, accesstype, acsid, crtrid, crtndate, updrid, upddate) values (13,'Predeterminado',3,1,3,'"01.03"|"Carpeta - Buscar",0,0,269,178,"MS Sans Serif",8,32|1001,7,10,63,18,1342177280,130,"document_id:","",0,0,0,1,0,2147483646,0,"IDOC_STATIC1001",""|1002,66,7,95,127,1342242819,133,"=","",0,0,0,2,1003,2147483646,383,"IDOC_CBOX1002",""|1003,98,7,198,20,1350631552,129,"","",0,0,0,3,1002,1,0,"IDOC_EDIT1003",""|1004,7,26,63,34,1342177280,130,"document_name:","",0,0,0,1,0,2147483646,0,"IDOC_STATIC1004",""|1005,66,23,95,143,1342242819,133,"=","",0,0,0,2,1006,2147483646,511,"IDOC_CBOX1005",""|1006,98,23,198,36,1350631552,129,"","",0,0,0,3,1005,2,0,"IDOC_EDIT1006",""|1007,7,42,63,50,1342177280,130,"document_type:","",0,0,0,1,0,2147483646,0,"IDOC_STATIC1007",""|1008,66,39,95,159,1342242819,133,"=","",0,0,0,2,1009,2147483646,383,"IDOC_CBOX1008",""|1009,98,39,198,52,1350631552,129,"","",0,0,0,3,1008,3,0,"IDOC_EDIT1009",""|1010,7,58,63,66,1342177280,130,"procedure_id:","",0,0,0,1,0,2147483646,0,"IDOC_STATIC1010",""|1011,66,55,95,175,1342242819,133,"=","",0,0,0,2,1012,2147483646,383,"IDOC_CBOX1011",""|1012,98,55,198,68,1350631552,129,"","",0,0,0,3,1011,4,0,"IDOC_EDIT1012",""|1013,7,74,63,82,1342177280,130,"procedure_name:","",0,0,0,1,0,2147483646,0,"IDOC_STATIC1013",""|1014,66,71,95,191,1342242819,133,"=","",0,0,0,2,1015,2147483646,511,"IDOC_CBOX1014",""|1015,98,71,198,84,1350631552,129,"","",0,0,0,3,1014,5,0,"IDOC_EDIT1015",""|1016,7,90,63,98,1342177280,130,"expedient_id:","",0,0,0,1,0,2147483646,0,"IDOC_STATIC1016",""|1017,66,87,95,207,1342242819,133,"=","",0,0,0,2,1018,2147483646,383,"IDOC_CBOX1017",""|1018,98,87,198,100,1350631552,129,"","",0,0,0,3,1017,6,0,"IDOC_EDIT1018",""|1019,7,106,63,114,1342177280,130,"expedient_name:","",0,0,0,1,0,2147483646,0,"IDOC_STATIC1019",""|1020,66,103,95,223,1342242819,133,"=","",0,0,0,2,1021,2147483646,511,"IDOC_CBOX1020",""|1021,98,103,198,116,1350631552,129,"","",0,0,0,3,1020,7,0,"IDOC_EDIT1021",""|1022,7,122,63,130,1342177280,130,"user_guid:","",0,0,0,1,0,2147483646,0,"IDOC_STATIC1022",""|1023,66,119,95,239,1342242819,133,"=","",0,0,0,2,1024,2147483646,511,"IDOC_CBOX1023",""|1024,98,119,198,132,1350631552,129,"","",0,0,0,3,1023,8,0,"IDOC_EDIT1024",""|1025,7,138,63,146,1342177280,130,"user_name:","",0,0,0,1,0,2147483646,0,"IDOC_STATIC1025",""|1026,66,135,95,255,1342242819,133,"=","",0,0,0,2,1027,2147483646,511,"IDOC_CBOX1026",""|1027,98,135,198,148,1350631552,129,"","",0,0,0,3,1026,9,0,"IDOC_EDIT1027",""|1028,7,154,63,162,1342177280,130,"stage_id:","",0,0,0,1,0,2147483646,0,"IDOC_STATIC1028",""|1029,66,151,95,271,1342242819,133,"=","",0,0,0,2,1030,2147483646,383,"IDOC_CBOX1029",""|1030,98,151,198,164,1350631552,129,"","",0,0,0,3,1029,10,0,"IDOC_EDIT1030",""|1,212,7,262,21,1342242817,128,"Aceptar","",0,0,0,0,0,2147483646,0,"IDOC_BUTTON_OK",""|2,212,24,262,38,1342242816,128,"Cancelar","",0,0,0,0,0,2147483646,0,"IDOC_BUTTON_CANCEL",""|0|0|1,"(@FLD(1) @OPR(1002) @VAL(1003)) AND (@FLD(2) @OPR(1005) @VAL(1006)) AND (@FLD(3) @OPR(1008) @VAL(1009)) AND (@FLD(4) @OPR(1011) @VAL(1012)) AND (@FLD(5) @OPR(1014) @VAL(1015)) AND (@FLD(6) @OPR(1017) @VAL(1018)) AND (@FLD(7) @OPR(1020) @VAL(1021)) AND (@FLD(8) @OPR(1023) @VAL(1024)) AND (@FLD(9) @OPR(1026) @VAL(1027)) AND (@FLD(10) @OPR(1029) @VAL(1030))","","",2147483646|""|0,2147483646|2147483646','',1,2147483646,0,'2007-10-17 14:03:41',null,null);
insert into idocfmt (id, name, archid, type, subtype, data, remarks, accesstype, acsid, crtrid, crtndate, updrid, upddate) values (14,'Predeterminado',3,2,3,'"01.04"|7,31,600,300,9,"MS Sans Serif",8,15|82,"document_id",0,1,0|100,"document_name",0,2,0|94,"document_type",0,3,0|83,"procedure_id",0,4,0|101,"procedure_name",0,5,0|81,"expedient_id",0,6,0|99,"expedient_name",0,7,0|67,"user_guid",0,8,0|73,"user_name",0,9,0|61,"stage_id",0,10,0|79,"stage_name",0,11,0|55,"task_id",0,12,0|73,"task_name",0,13,0|65,"mimetype",0,14,0|92,"document_size",0,15,0|1,0|0|0','',1,2147483646,0,'2007-10-17 14:03:41',null,null);
insert into idocfmt (id, name, archid, type, subtype, data, remarks, accesstype, acsid, crtrid, crtndate, updrid, upddate) values (15,'Predeterminado',3,3,3,'"01.05"|"Carpeta",0,0,315,175,3|"Hoja 1",0,0,315,175,"MS Sans Serif",8,20|1001,7,10,63,18,1342177280,130,"document_id:","",0,0,0,1,2147483646,"IDOC_STATIC1001",""|1002,66,7,129,20,1350631552,129,"","",0,0,0,3,1,"IDOC_EDIT1002",""|1003,7,26,63,34,1342177280,130,"document_name:","",0,0,0,1,2147483646,"IDOC_STATIC1003",""|1004,66,23,166,36,1350631552,129,"","",0,0,0,3,2,"IDOC_EDIT1004",""|1005,7,42,63,50,1342177280,130,"document_type:","",0,0,0,1,2147483646,"IDOC_STATIC1005",""|1006,66,39,129,52,1350631552,129,"","",0,0,0,3,3,"IDOC_EDIT1006",""|1007,7,58,63,66,1342177280,130,"procedure_id:","",0,0,0,1,2147483646,"IDOC_STATIC1007",""|1008,66,55,129,68,1350631552,129,"","",0,0,0,3,4,"IDOC_EDIT1008",""|1009,7,74,63,82,1342177280,130,"procedure_name:","",0,0,0,1,2147483646,"IDOC_STATIC1009",""|1010,66,71,166,84,1350631552,129,"","",0,0,0,3,5,"IDOC_EDIT1010",""|1011,7,90,63,98,1342177280,130,"expedient_id:","",0,0,0,1,2147483646,"IDOC_STATIC1011",""|1012,66,87,129,100,1350631552,129,"","",0,0,0,3,6,"IDOC_EDIT1012",""|1013,7,106,63,114,1342177280,130,"expedient_name:","",0,0,0,1,2147483646,"IDOC_STATIC1013",""|1014,66,103,166,116,1350631552,129,"","",0,0,0,3,7,"IDOC_EDIT1014",""|1015,7,122,63,130,1342177280,130,"user_guid:","",0,0,0,1,2147483646,"IDOC_STATIC1015",""|1016,66,119,166,132,1350631552,129,"","",0,0,0,3,8,"IDOC_EDIT1016",""|1017,7,138,63,146,1342177280,130,"user_name:","",0,0,0,1,2147483646,"IDOC_STATIC1017",""|1018,66,135,166,148,1350631552,129,"","",0,0,0,3,9,"IDOC_EDIT1018",""|1019,7,154,63,162,1342177280,130,"stage_id:","",0,0,0,1,2147483646,"IDOC_STATIC1019",""|1020,66,151,129,164,1350631552,129,"","",0,0,0,3,10,"IDOC_EDIT1020",""|1,2147483646,""|"Hoja 2",0,0,315,175,"MS Sans Serif",8,10|1021,7,10,57,18,1342177280,130,"stage_name:","",0,0,0,1,2147483646,"IDOC_STATIC1021",""|1022,60,7,160,20,1350631552,129,"","",0,0,0,3,11,"IDOC_EDIT1022",""|1023,7,26,57,34,1342177280,130,"task_id:","",0,0,0,1,2147483646,"IDOC_STATIC1023",""|1024,60,23,123,36,1350631552,129,"","",0,0,0,3,12,"IDOC_EDIT1024",""|1025,7,42,57,50,1342177280,130,"task_name:","",0,0,0,1,2147483646,"IDOC_STATIC1025",""|1026,60,39,160,52,1350631552,129,"","",0,0,0,3,13,"IDOC_EDIT1026",""|1027,7,58,57,66,1342177280,130,"mimetype:","",0,0,0,1,2147483646,"IDOC_STATIC1027",""|1028,60,55,160,68,1350631552,129,"","",0,0,0,3,14,"IDOC_EDIT1028",""|1029,7,74,57,82,1342177280,130,"document_size:","",0,0,0,1,2147483646,"IDOC_STATIC1029",""|1030,60,71,123,84,1350631552,129,"","",0,0,0,3,15,"IDOC_EDIT1030",""|1,2147483646,""|"Documentos",0,0,315,175,"MS Sans Serif",8,0|2,2147483646,"2,2|0|2,0,50,0,0,0,1,1,50,0,0,50,1|0.000000,0,0"|0|0|""|1,0|0,0|0|0|2147483646|0','',1,2147483646,0,'2007-10-17 14:03:41',null,null);
insert into idocfmt (id, name, archid, type, subtype, data, remarks, accesstype, acsid, crtrid, crtndate, updrid, upddate) values (16,'Predeterminado',4,1,3,'"01.03"|"Carpeta - Buscar",0,0,285,146,"MS Sans Serif",8,26|1001,7,10,79,18,1342177280,130,"Nº Expediente:","",0,0,0,1,0,2147483646,0,"IDOC_STATIC1001",""|1002,82,7,111,127,1342242819,133,"=","",0,0,0,2,1003,2147483646,511,"IDOC_CBOX1002",""|1003,114,7,214,20,1350631552,129,"","",0,0,0,3,1002,1,0,"IDOC_EDIT1003",""|1004,7,26,79,34,1342177280,130,"Código Procedimiento:","",0,0,0,1,0,2147483646,0,"IDOC_STATIC1004",""|1005,82,23,111,143,1342242819,133,"=","",0,0,0,2,1006,2147483646,511,"IDOC_CBOX1005",""|1006,114,23,214,36,1350631552,129,"","",0,0,0,3,1005,2,0,"IDOC_EDIT1006",""|1007,7,42,79,50,1342177280,130,"Fase:","",0,0,0,1,0,2147483646,0,"IDOC_STATIC1007",""|1008,82,39,111,159,1342242819,133,"=","",0,0,0,2,1009,2147483646,511,"IDOC_CBOX1008",""|1009,114,39,214,52,1350631552,129,"","",0,0,0,3,1008,3,0,"IDOC_EDIT1009",""|1010,7,58,79,66,1342177280,130,"Trámite:","",0,0,0,1,0,2147483646,0,"IDOC_STATIC1010",""|1011,82,55,111,175,1342242819,133,"=","",0,0,0,2,1012,2147483646,511,"IDOC_CBOX1011",""|1012,114,55,214,68,1350631552,129,"","",0,0,0,3,1011,4,0,"IDOC_EDIT1012",""|1013,7,74,79,82,1342177280,130,"Tipo Documento:","",0,0,0,1,0,2147483646,0,"IDOC_STATIC1013",""|1014,82,71,111,191,1342242819,133,"=","",0,0,0,2,1015,2147483646,511,"IDOC_CBOX1014",""|1015,114,71,214,84,1350631552,129,"","",0,0,0,3,1014,5,0,"IDOC_EDIT1015",""|1016,7,90,79,98,1342177280,130,"Tipo MIME:","",0,0,0,1,0,2147483646,0,"IDOC_STATIC1016",""|1017,82,87,111,207,1342242819,133,"=","",0,0,0,2,1018,2147483646,511,"IDOC_CBOX1017",""|1018,114,87,214,100,1350631552,129,"","",0,0,0,3,1017,7,0,"IDOC_EDIT1018",""|1019,7,106,79,114,1342177280,130,"Longitud:","",0,0,0,1,0,2147483646,0,"IDOC_STATIC1019",""|1020,82,103,111,223,1342242819,133,"=","",0,0,0,2,1021,2147483646,383,"IDOC_CBOX1020",""|1021,114,103,214,116,1350631552,129,"","",0,0,0,3,1020,8,0,"IDOC_EDIT1021",""|1022,7,122,79,130,1342177280,130,"Fecha Creación:","",0,0,0,1,0,2147483646,0,"IDOC_STATIC1022",""|1023,82,119,111,239,1342242819,133,"=","",0,0,0,2,1024,2147483646,383,"IDOC_CBOX1023",""|1024,114,119,214,132,1350631552,129,"","",0,0,0,3,1023,9,0,"IDOC_EDIT1024",""|1,228,7,278,21,1342242817,128,"Aceptar","",0,0,0,0,0,2147483646,0,"IDOC_BUTTON_OK",""|2,228,24,278,38,1342242816,128,"Cancelar","",0,0,0,0,0,2147483646,0,"IDOC_BUTTON_CANCEL",""|0|0|1,"(@FLD(1) @OPR(1002) @VAL(1003)) AND (@FLD(2) @OPR(1005) @VAL(1006)) AND (@FLD(3) @OPR(1008) @VAL(1009)) AND (@FLD(4) @OPR(1011) @VAL(1012)) AND (@FLD(5) @OPR(1014) @VAL(1015)) AND (@FLD(7) @OPR(1017) @VAL(1018)) AND (@FLD(8) @OPR(1020) @VAL(1021)) AND (@FLD(9) @OPR(1023) @VAL(1024))","","",2147483646|""|0,2147483646|2147483646','',1,2147483646,0,'2007-10-17 14:03:55',0,'2007-10-17 14:23:03');
insert into idocfmt (id, name, archid, type, subtype, data, remarks, accesstype, acsid, crtrid, crtndate, updrid, upddate) values (17,'Predeterminado',4,2,3,'"01.04"|7,31,600,300,9,"MS Sans Serif",8,9|90,"Nº Expediente",0,1,0|125,"Código Procedimiento",0,2,0|44,"Fase",0,3,0|56,"Trámite",0,4,0|101,"Tipo Documento",0,5,0|46,"Firma",0,6,0|74,"Tipo MIME",0,7,0|62,"Longitud",0,8,0|97,"Fecha Creación",0,9,0|1,0|0|0','',1,2147483646,0,'2007-10-17 14:03:55',0,'2007-10-17 14:23:03');
insert into idocfmt (id, name, archid, type, subtype, data, remarks, accesstype, acsid, crtrid, crtndate, updrid, upddate) values (18,'Predeterminado',4,3,3,'"01.05"|"Carpeta",0,0,315,175,3|"Hoja 1",0,0,315,175,"MS Sans Serif",8,16|1001,7,10,79,18,1342177280,130,"Nº Expediente:","",0,0,0,1,2147483646,"IDOC_STATIC1001",""|1002,82,7,182,20,1350631552,129,"","",0,0,0,3,1,"IDOC_EDIT1002",""|1003,7,26,79,34,1342177280,130,"Código Procedimiento:","",0,0,0,1,2147483646,"IDOC_STATIC1003",""|1004,82,23,182,36,1350631552,129,"","",0,0,0,3,2,"IDOC_EDIT1004",""|1005,7,42,79,50,1342177280,130,"Fase:","",0,0,0,1,2147483646,"IDOC_STATIC1005",""|1006,82,39,182,52,1350631552,129,"","",0,0,0,3,3,"IDOC_EDIT1006",""|1007,7,58,79,66,1342177280,130,"Trámite:","",0,0,0,1,2147483646,"IDOC_STATIC1007",""|1008,82,55,182,68,1350631552,129,"","",0,0,0,3,4,"IDOC_EDIT1008",""|1009,7,74,79,82,1342177280,130,"Tipo Documento:","",0,0,0,1,2147483646,"IDOC_STATIC1009",""|1010,82,71,182,84,1350631552,129,"","",0,0,0,3,5,"IDOC_EDIT1010",""|1011,7,90,79,98,1342177280,130,"Firma:","",0,0,0,1,2147483646,"IDOC_STATIC1011",""|1012,82,87,194,123,1352728644,129,"","",0,0,0,3,6,"IDOC_EDIT1012",""|1013,7,129,79,137,1342177280,130,"Tipo MIME:","",0,0,0,1,2147483646,"IDOC_STATIC1013",""|1014,82,126,182,139,1350631552,129,"","",0,0,0,3,7,"IDOC_EDIT1014",""|1015,7,145,79,153,1342177280,130,"Longitud:","",0,0,0,1,2147483646,"IDOC_STATIC1015",""|1016,82,142,145,155,1350631552,129,"","",0,0,0,3,8,"IDOC_EDIT1016",""|1,2147483646,""|"Hoja 2",0,0,315,175,"MS Sans Serif",8,2|1017,7,10,61,18,1342177280,130,"Fecha Creación:","",0,0,0,1,2147483646,"IDOC_STATIC1017",""|1018,64,7,106,20,1350631552,129,"","",0,0,0,3,9,"IDOC_EDIT1018",""|1,2147483646,""|"Documentos",0,0,315,175,"MS Sans Serif",8,0|2,2147483646,"2,2|0|2,0,50,0,0,0,1,1,50,0,0,50,1|0.000000,0,0"|0|0|""|1,0|0,0|0|0|2147483646|0','',1,2147483646,0,'2007-10-17 14:03:55',0,'2007-10-17 14:23:03');
insert into idocfmt (id, name, archid, type, subtype, data, remarks, accesstype, acsid, crtrid, crtndate, updrid, upddate) values (12,'Predeterminado1',2,3,3,'"01.05"|"Carpeta",44,8,618,392,2|"Registro",6,32,563,371,"MS Sans Serif",8,34|1001,8,11,86,19,1342177280,130,"Número de registro:","",0,0,0,1,2147483646,"IDOC_STATIC1001",""|1002,92,6,192,19,1350631552,129,"","",0,0,0,3,1,"IDOC_EDIT1002",""|1005,202,9,242,19,1342177280,130,"Usuario:","",0,0,0,1,2147483646,"IDOC_STATIC1005",""|1006,244,6,316,19,1350631552,129,"","",0,0,0,3,3,"IDOC_EDIT1006",""|1011,322,9,352,17,1342177280,130,"Estado:","",0,0,0,1,2147483646,"IDOC_STATIC1011",""|1012,354,6,412,19,1350631552,129,"","",0,0,0,3,6,"IDOC_EDIT1012",""|1003,8,27,78,35,1342177280,130,"Fecha de registro:","",0,0,0,1,2147483646,"IDOC_STATIC1003",""|1004,92,24,192,36,1350631552,129,"","",0,0,0,3,2,"IDOC_EDIT1004",""|1007,246,27,326,35,1342177280,130,"Fecha de trabajo:","MS Sans Serif",8,1,0,1,2147483646,"IDOC_STATIC1007",""|1008,324,24,412,36,1350631552,129,"","",0,0,0,3,4,"IDOC_EDIT1008",""|1013,8,43,78,51,1342177280,130,"Origen:","",0,0,0,1,2147483646,"IDOC_STATIC1013",""|1014,92,41,192,54,1350631552,129,"","",0,0,0,3,7,"IDOC_EDIT1014",""|1042,202,41,412,62,1350633604,129,"","",0,0,0,10,7,"IDOC_EDIT1042",""|1015,8,70,78,78,1342177280,130,"Destino:","",0,0,0,1,2147483646,"IDOC_STATIC1015",""|1016,92,67,192,80,1350631552,129,"","",0,0,0,3,8,"IDOC_EDIT1016",""|1043,202,67,412,88,1350633604,129,"","",0,0,0,10,8,"IDOC_EDIT1043",""|1017,8,94,86,102,1342177280,130,"Destinatarios:","",0,0,0,1,2147483646,"IDOC_STATIC1017",""|1018,92,92,412,144,1350631552,129,"","",0,0,0,3,9,"IDOC_EDIT1018",""|1036,8,156,80,164,1342177280,130,"Tipo de asunto:","",0,0,0,1,2147483646,"IDOC_STATIC1036",""|1037,92,153,192,166,1350631552,129,"","",0,0,0,3,12,"IDOC_EDIT1037",""|1046,202,153,412,174,1350633604,129,"","",0,0,0,10,12,"IDOC_EDIT1046",""|1038,8,185,90,193,1342177280,130,"Resumen:","",0,0,0,1,2147483646,"IDOC_STATIC1038",""|1039,92,177,412,217,1350631620,129,"","",0,0,0,3,13,"IDOC_EDIT1039",""|1019,8,225,96,233,1342177280,130,"Tipo de transporte:","",0,0,0,1,2147483646,"IDOC_STATIC1019",""|1020,92,224,226,238,1350631552,129,"","",0,0,0,3,10,"IDOC_EDIT1020",""|1034,236,225,334,233,1342177280,130,"Número de transporte:","",0,0,0,1,2147483646,"IDOC_STATIC1034",""|1035,330,224,412,238,1350631552,129,"","",0,0,0,3,11,"IDOC_EDIT1035",""|1040,8,256,80,264,1342177280,130,"Comentario:","",0,0,0,1,2147483646,"IDOC_STATIC1040",""|1041,92,241,412,275,1352728644,129,"","",0,0,0,3,14,"IDOC_EDIT1041",""|1009,8,284,96,292,1342177280,130,"Oficina de registro:","",0,0,0,1,2147483646,"IDOC_STATIC1009",""|1010,8,296,98,307,1350631552,129,"","",0,0,0,3,5,"IDOC_EDIT1010",""|1033,104,296,324,307,1350633604,129,"","",0,0,0,10,5,"IDOC_EDIT1033",""|1047,9,318,95,329,1342308352,130,"Fecha del documento:","",0,0,0,1,2147483646,"IDOC_STATIC1047",""|1048,93,313,214,329,1350631552,129,"","",0,0,0,3,15,"IDOC_EDIT1048",""|1,2147483646,""|"Documentos",6,32,563,371,"MS Sans Serif",8,0|2,2147483646,"2,2|0|2,0,50,0,0,0,1,1,50,0,0,50,1|0.000000,0,0"|0|0|"0"|1,0|0,0|0|2147483646|2147483646|0','',1,2147483646,0,'2007-10-16 13:42:58',0,'2007-11-14 12:45:58');
insert into idocfmt (id, name, archid, type, subtype, data, remarks, accesstype, acsid, crtrid, crtndate, updrid, upddate) values (7,'Predeterminado',1,2,3,'"01.04"|7,31,600,300,9,"MS Sans Serif",8,19|112,"Número de registro",0,1,0|105,"Fecha de registro",0,2,0|57,"Usuario",0,3,0|103,"Fecha de trabajo",0,4,0|108,"Oficina de registro",0,5,0|54,"Estado",0,6,0|52,"Origen",0,7,0|57,"Destino",0,8,0|74,"Remitentes",0,9,0|111,"Nº. registro original",0,10,0|133,"Tipo de registro original",0,11,0|142,"Fecha de registro original",0,12,0|97,"Registro original",0,13,0|109,"Tipo de transporte",0,14,0|125,"Número de transporte",0,15,0|94,"Tipo de asunto",0,16,0|66,"Resumen",0,17,0|74,"Comentario",0,18,0|146,"Referencia de Expediente",0,19,0|1,0|0|0','',1,2147483646,0,'2007-10-16 13:40:19',0,'2007-11-14 12:48:05');
insert into idocfmt (id, name, archid, type, subtype, data, remarks, accesstype, acsid, crtrid, crtndate, updrid, upddate) values (9,'Predeterminado',1,3,3,'"01.05"|"Carpeta",32,1,556,377,3|"Registro",6,32,513,363,"MS Sans Serif",8,40|1001,8,9,88,17,1342177280,130,"Número de registro:","",0,0,0,1,2147483646,"IDOC_STATIC1001",""|1002,88,4,194,17,1350631552,129,"","",0,0,0,3,1,"IDOC_EDIT1002",""|1005,204,9,238,19,1342177280,130,"Usuario:","",0,0,0,1,2147483646,"IDOC_STATIC1005",""|1006,238,4,310,17,1350631552,129,"","",0,0,0,3,3,"IDOC_EDIT1006",""|1073,320,9,350,17,1342177280,130,"Estado:","",0,0,0,1,2147483646,"IDOC_STATIC1073",""|1074,350,4,412,17,1350631552,129,"","",0,0,0,3,6,"IDOC_EDIT1074",""|1003,8,25,88,35,1342177280,130,"Fecha de registro:","",0,0,0,1,2147483646,"IDOC_STATIC1003",""|1004,88,22,194,35,1350631552,129,"","",0,0,0,3,2,"IDOC_EDIT1004",""|1007,278,25,350,33,1342177280,130,"Fecha de trabajo:","MS Sans Serif",8,1,0,1,2147483646,"IDOC_STATIC1007",""|1008,350,22,412,35,1350631552,129,"","",0,0,0,3,4,"IDOC_EDIT1008",""|1075,8,41,82,51,1342177280,130,"Oficina de registro:","",0,0,0,1,2147483646,"IDOC_STATIC1075",""|1076,88,38,152,51,1350631552,129,"","",0,0,0,3,5,"IDOC_EDIT1076",""|1077,166,38,412,51,1350633604,129,"","",0,0,0,10,5,"IDOC_EDIT1077",""|1013,8,57,78,67,1342177280,130,"Origen:","",0,0,0,1,2147483646,"IDOC_STATIC1013",""|1014,88,54,172,67,1350631552,129,"","",0,0,0,3,7,"IDOC_EDIT1014",""|1039,182,54,412,73,1350633604,129,"","",0,0,0,10,7,"IDOC_EDIT1039",""|1015,8,78,78,88,1342177280,130,"Destino:","",0,0,0,1,2147483646,"IDOC_STATIC1015",""|1016,88,75,172,88,1350631552,129,"","",0,0,0,3,8,"IDOC_EDIT1016",""|1040,182,75,412,94,1350633604,129,"","",0,0,0,10,8,"IDOC_EDIT1040",""|1017,8,99,90,108,1342177280,130,"Remitentes:","",0,0,0,1,2147483646,"IDOC_STATIC1017",""|1018,88,96,412,160,1350631552,129,"","",0,0,0,3,9,"IDOC_EDIT1018",""|1052,8,171,72,179,1342177280,130,"Tipo de asunto:","",0,0,0,1,2147483646,"IDOC_STATIC1052",""|1053,88,168,152,182,1350631552,129,"","",0,0,0,3,16,"IDOC_EDIT1053",""|1054,160,168,412,188,1350633604,129,"","",0,0,0,10,16,"IDOC_EDIT1054",""|1047,8,200,66,209,1342177280,130,"Resumen:","",0,0,0,1,2147483646,"IDOC_STATIC1047",""|1048,88,192,412,225,1350631620,129,"","",0,0,0,3,17,"IDOC_EDIT1048",""|1087,8,235,78,243,1342177280,130,"Ref. Expediente:","",0,0,0,1,2147483646,"IDOC_STATIC1087",""|1088,88,230,212,244,1350631552,129,"","",0,0,0,3,19,"IDOC_EDIT1088",""|1055,8,260,88,268,1342177280,130,"Tipo de Reg. original:","",0,0,0,1,2147483646,"IDOC_STATIC1055",""|1056,88,256,166,270,1350631552,129,"","",0,0,0,3,11,"IDOC_EDIT1056",""|1019,224,248,300,257,1342177280,130,"Nº. registro original:","",0,0,0,1,2147483646,"IDOC_STATIC1019",""|1020,322,244,412,259,1350631552,129,"","",0,0,0,3,10,"IDOC_EDIT1020",""|1057,224,264,318,275,1342177280,130,"Fecha de Reg. original:","",0,0,0,1,2147483646,"IDOC_STATIC1057",""|1058,322,262,412,275,1350631552,129,"","",0,0,0,3,12,"IDOC_EDIT1058",""|1062,8,289,88,299,1342177280,130,"Tipo de transporte:","",0,0,0,1,2147483646,"IDOC_STATIC1062",""|1063,88,284,200,299,1350631552,129,"","",0,0,0,3,14,"IDOC_EDIT1063",""|1064,224,288,330,299,1342177280,130,"Número de transporte:","",0,0,0,1,2147483646,"IDOC_STATIC1064",""|1065,322,284,412,299,1350631552,129,"","",0,0,0,3,15,"IDOC_EDIT1065",""|1089,8,313,82,323,1342308352,130,"Fecha del documento:","",0,0,0,1,2147483646,"IDOC_STATIC1089",""|1090,88,309,200,324,1350631552,129,"","",0,0,0,3,20,"IDOC_EDIT1090",""|1,2147483646,""|"Comentarios",6,32,513,363,"MS Sans Serif",8,2|1035,16,46,84,57,1342177280,130,"Comentario:","",0,0,0,1,2147483646,"IDOC_STATIC1035",""|1036,92,41,408,243,1352728644,129,"","",0,0,0,3,18,"IDOC_EDIT1036",""|1,2147483646,""|"Documentos",6,32,513,363,"MS Sans Serif",8,0|2,2147483646,"2,2|0|2,0,50,0,0,0,1,1,50,0,0,50,1|0.000000,0,0"|0|0|"0"|1,0|0,0|0|2147483646|2147483646|0','',1,2147483646,0,'2007-10-16 13:40:20',0,'2007-11-14 15:23:15');
insert into idocfmt (id, name, archid, type, subtype, data, remarks, accesstype, acsid, crtrid, crtndate, updrid, upddate) values (8,'Predeterminado',1,1,3,'"01.03"|"Carpeta - Buscar",0,0,429,284,"MS Sans Serif",8,38|1001,8,11,94,19,1342177280,130,"Número de registro:","",0,0,0,1,0,2147483646,0,"IDOC_STATIC1001",""|1002,98,8,198,112,1344339971,133,"=","",0,0,0,2,1003,2147483646,511,"IDOC_CBOX1002",""|1003,220,8,320,20,1350631552,129,"","",0,0,0,3,1002,1,0,"IDOC_EDIT1003",""|1004,8,27,94,35,1342177280,130,"Fecha de registro:","",0,0,0,1,0,2147483646,0,"IDOC_STATIC1004",""|1005,98,24,198,128,1344339971,133,"=","",0,0,0,2,1006,2147483646,383,"IDOC_CBOX1005",""|1006,220,24,320,36,1350631552,129,"","",0,0,0,3,1005,2,0,"IDOC_EDIT1006",""|1007,8,43,94,51,1342177280,130,"Usuario:","",0,0,0,1,0,2147483646,0,"IDOC_STATIC1007",""|1008,98,40,198,144,1344339971,133,"=","",0,0,0,2,1009,2147483646,447,"IDOC_CBOX1008",""|1009,220,40,320,52,1350631552,129,"","",0,0,0,3,1008,3,0,"IDOC_EDIT1009",""|1010,8,59,94,67,1342177280,130,"Fecha de trabajo:","",0,0,0,1,0,2147483646,0,"IDOC_STATIC1010",""|1011,98,56,198,160,1344339971,133,"=","",0,0,0,2,1012,2147483646,383,"IDOC_CBOX1011",""|1012,220,56,320,68,1350631552,129,"","",0,0,0,3,1011,4,0,"IDOC_EDIT1012",""|1013,8,75,94,83,1342177280,130,"Oficina de registro:","",0,0,0,1,0,2147483646,0,"IDOC_STATIC1013",""|1014,98,72,198,176,1344339971,133,"=","",0,0,0,2,1015,2147483646,63,"IDOC_CBOX1014",""|1015,220,72,320,84,1350631552,129,"","",0,0,0,3,1014,5,0,"IDOC_EDIT1015",""|1016,8,91,94,99,1342177280,130,"Estado:","",0,0,0,1,0,2147483646,0,"IDOC_STATIC1016",""|1017,98,88,198,192,1344339971,133,"=","",0,0,0,2,1018,2147483646,63,"IDOC_CBOX1017",""|1018,220,88,320,100,1350631552,129,"","",0,0,0,3,1017,6,0,"IDOC_EDIT1018",""|1019,8,107,94,115,1342177280,130,"Origen:","",0,0,0,1,0,2147483646,0,"IDOC_STATIC1019",""|1020,98,104,198,208,1344339971,133,"=","",0,0,0,2,1021,2147483646,63,"IDOC_CBOX1020",""|1021,220,104,320,116,1350631552,129,"","",0,0,0,3,1020,7,0,"IDOC_EDIT1021",""|1022,8,123,94,131,1342177280,130,"Destino:","",0,0,0,1,0,2147483646,0,"IDOC_STATIC1022",""|1023,98,120,198,224,1344339971,133,"=","",0,0,0,2,1024,2147483646,63,"IDOC_CBOX1023",""|1024,220,120,320,132,1350631552,129,"","",0,0,0,3,1023,8,0,"IDOC_EDIT1024",""|1025,8,139,94,147,1342177280,130,"Remitentes:","",0,0,0,1,0,2147483646,0,"IDOC_STATIC1025",""|1026,98,136,198,240,1344339971,133,"=","",0,0,0,2,1027,2147483646,447,"IDOC_CBOX1026",""|1027,220,136,320,148,1350631552,129,"","",0,0,0,3,1026,9,0,"IDOC_EDIT1027",""|1028,8,158,94,166,1342177280,130,"Tipo de Asunto:","",0,0,0,1,0,2147483646,0,"IDOC_STATIC1028",""|1029,98,153,198,257,1344339971,133,"=","",0,0,0,2,1030,2147483646,63,"IDOC_CBOX1029",""|1030,220,153,320,166,1350631552,129,"","",0,0,0,3,1029,16,0,"IDOC_EDIT1030",""|1,334,8,384,22,1342242817,128,"Aceptar","",0,0,0,0,0,2147483646,0,"IDOC_BUTTON_OK",""|2,334,24,384,38,1342242816,128,"Cancelar","",0,0,0,0,0,2147483646,0,"IDOC_BUTTON_CANCEL",""|1031,8,174,94,182,1342177280,130,"Resumen:","",0,0,0,1,0,2147483646,0,"IDOC_STATIC1031",""|1032,98,172,198,276,1344339971,133,"=","",0,0,0,2,1033,2147483646,511,"IDOC_CBOX1032",""|1033,220,172,320,185,1350631552,129,"","",0,0,0,3,1032,17,0,"IDOC_EDIT1033",""|1034,8,192,94,200,1342177280,130,"Ref. Expediente:","",0,0,0,1,0,2147483646,0,"IDOC_STATIC1034",""|1035,98,190,198,294,1344339971,133,"=","",0,0,0,2,1036,2147483646,191,"IDOC_CBOX1035",""|1036,220,190,320,203,1350631552,129,"","",0,0,0,3,1035,19,0,"IDOC_EDIT1036",""|0|0|1,"(@FLD(1) @OPR(1002) @VAL(1003)) AND (@FLD(2) @OPR(1005) @VAL(1006)) AND (@FLD(3) @OPR(1008) @VAL(1009)) AND (@FLD(4) @OPR(1011) @VAL(1012)) AND (@FLD(5) @OPR(1014) @VAL(1015)) AND (@FLD(6) @OPR(1017) @VAL(1018)) AND (@FLD(7) @OPR(1020) @VAL(1021)) AND (@FLD(8) @OPR(1023) @VAL(1024)) AND (@FLD(9) @OPR(1026) @VAL(1027)) AND (@FLD(16) @OPR(1029) @VAL(1030)) AND (@FLD(17) @OPR(1032) @VAL(1033)) AND (@FLD(19) @OPR(1035) @VAL(1036))","","",2147483646|""|0,2147483646|2147483646','',1,2147483646,0,'2007-10-16 13:40:19',0,'2008-02-01 17:21:30');
insert into idocfmt (id, name, archid, type, subtype, data, remarks, accesstype, acsid, crtrid, crtndate, updrid, upddate) values (10,'Predeterminado',2,1,3,'"01.03"|"Carpeta - Buscar",80,0,593,270,"MS Sans Serif",8,38|1001,8,11,92,19,1342177280,130,"Número de registro:","",0,0,0,1,0,2147483646,0,"IDOC_STATIC1001",""|1002,92,8,178,112,1344339971,133,"=","",0,0,0,2,1003,2147483646,511,"IDOC_CBOX1002",""|1003,182,8,282,20,1350631552,129,"","",0,0,0,3,1002,1,0,"IDOC_EDIT1003",""|1004,8,27,92,35,1342177280,130,"Fecha de registro:","",0,0,0,1,0,2147483646,0,"IDOC_STATIC1004",""|1005,92,24,178,128,1344339971,133,"=","",0,0,0,2,1006,2147483646,383,"IDOC_CBOX1005",""|1006,182,24,282,36,1350631552,129,"","",0,0,0,3,1005,2,0,"IDOC_EDIT1006",""|1007,8,43,80,51,1342177280,130,"Usuario:","",0,0,0,1,0,2147483646,0,"IDOC_STATIC1007",""|1008,92,40,178,144,1344339971,133,"=","",0,0,0,2,1009,2147483646,447,"IDOC_CBOX1008",""|1009,182,40,282,52,1350631552,129,"","",0,0,0,3,1008,3,0,"IDOC_EDIT1009",""|1010,8,59,98,67,1342177280,130,"Fecha de trabajo:","",0,0,0,1,0,2147483646,0,"IDOC_STATIC1010",""|1011,92,56,178,160,1344339971,133,"=","",0,0,0,2,1012,2147483646,383,"IDOC_CBOX1011",""|1012,182,56,282,68,1350631552,129,"","",0,0,0,3,1011,4,0,"IDOC_EDIT1012",""|1013,8,75,96,83,1342177280,130,"Oficina de registro:","",0,0,0,1,0,2147483646,0,"IDOC_STATIC1013",""|1014,92,72,178,176,1344339971,133,"=","",0,0,0,2,1015,2147483646,63,"IDOC_CBOX1014",""|1015,182,72,282,84,1350631552,129,"","",0,0,0,3,1014,5,0,"IDOC_EDIT1015",""|1016,8,91,80,99,1342177280,130,"Estado:","",0,0,0,1,0,2147483646,0,"IDOC_STATIC1016",""|1017,92,88,178,192,1344339971,133,"=","",0,0,0,2,1018,2147483646,63,"IDOC_CBOX1017",""|1018,182,88,282,100,1350631552,129,"","",0,0,0,3,1017,6,0,"IDOC_EDIT1018",""|1019,8,107,80,115,1342177280,130,"Origen:","",0,0,0,1,0,2147483646,0,"IDOC_STATIC1019",""|1020,92,104,178,208,1344339971,133,"=","",0,0,0,2,1021,2147483646,63,"IDOC_CBOX1020",""|1021,182,104,282,116,1350631552,129,"","",0,0,0,3,1020,7,0,"IDOC_EDIT1021",""|1022,8,123,80,131,1342177280,130,"Destino:","",0,0,0,1,0,2147483646,0,"IDOC_STATIC1022",""|1023,92,120,178,224,1344339971,133,"=","",0,0,0,2,1024,2147483646,63,"IDOC_CBOX1023",""|1024,182,120,282,132,1350631552,129,"","",0,0,0,3,1023,8,0,"IDOC_EDIT1024",""|1025,8,139,94,147,1342177280,130,"Destinatarios:","",0,0,0,1,0,2147483646,0,"IDOC_STATIC1025",""|1026,92,136,178,240,1344339971,133,"=","",0,0,0,2,1027,2147483646,447,"IDOC_CBOX1026",""|1027,182,136,282,148,1350631552,129,"","",0,0,0,3,1026,9,0,"IDOC_EDIT1027",""|1028,8,155,94,163,1342177280,130,"Tipo de transporte:","",0,0,0,1,0,2147483646,0,"IDOC_STATIC1028",""|1029,92,152,178,256,1344339971,133,"=","",0,0,0,2,1030,2147483646,511,"IDOC_CBOX1029",""|1030,182,152,282,164,1350631552,129,"","",0,0,0,3,1029,10,0,"IDOC_EDIT1030",""|1,300,8,350,22,1342242817,128,"Aceptar","",0,0,0,0,0,2147483646,0,"IDOC_BUTTON_OK",""|2,300,25,350,40,1342242816,128,"Cancelar","",0,0,0,0,0,2147483646,0,"IDOC_BUTTON_CANCEL",""|1031,8,172,94,180,1342177280,130,"Resumen:","",0,0,0,1,0,2147483646,0,"IDOC_STATIC1031",""|1032,92,168,178,272,1344339971,133,"=","",0,0,0,2,1033,2147483646,511,"IDOC_CBOX1032",""|1033,182,168,282,182,1350631552,129,"","",0,0,0,3,1032,13,0,"IDOC_EDIT1033",""|1034,8,188,94,196,1342177280,130,"Tipo de Asunto:","",0,0,0,1,0,2147483646,0,"IDOC_STATIC1034",""|1035,92,185,178,289,1344339971,133,"=","",0,0,0,2,1036,2147483646,63,"IDOC_CBOX1035",""|1036,182,185,282,198,1350631552,129,"","",0,0,0,3,1035,12,0,"IDOC_EDIT1036",""|0|0|1,"(@FLD(1) @OPR(1002) @VAL(1003)) AND (@FLD(2) @OPR(1005) @VAL(1006)) AND (@FLD(3) @OPR(1008) @VAL(1009)) AND (@FLD(4) @OPR(1011) @VAL(1012)) AND (@FLD(5) @OPR(1014) @VAL(1015)) AND (@FLD(6) @OPR(1017) @VAL(1018)) AND (@FLD(7) @OPR(1020) @VAL(1021)) AND (@FLD(8) @OPR(1023) @VAL(1024)) AND (@FLD(9) @OPR(1026) @VAL(1027)) AND (@FLD(10) @OPR(1029) @VAL(1030)) AND (@FLD(13) @OPR(1032) @VAL(1033)) AND (@FLD(12) @OPR(1035) @VAL(1036))","","",2147483646|"0"|0,2147483646|2147483646','',1,2147483646,0,'2007-10-16 13:42:58',0,'2008-02-01 17:23:23');

-- TABLA idocnextid
insert into idocnextid (type, id) values (4,1);
insert into idocnextid (type, id) values (7,1);
insert into idocnextid (type, id) values (9,1);
insert into idocnextid (type, id) values (11,1);
insert into idocnextid (type, id) values (12,1);
insert into idocnextid (type, id) values (13,1);
insert into idocnextid (type, id) values (14,1);
insert into idocnextid (type, id) values (15,1);
insert into idocnextid (type, id) values (16,1);
insert into idocnextid (type, id) values (17,2);
insert into idocnextid (type, id) values (18,1);
insert into idocnextid (type, id) values (19,1);
insert into idocnextid (type, id) values (2,5);
insert into idocnextid (type, id) values (1,2);
insert into idocnextid (type, id) values (10,20);

-- TABLA idocpreffmt
insert into idocpreffmt (archid, fmttype, userid, fmtid) values(2,1,0,10);
insert into idocpreffmt (archid, fmttype, userid, fmtid) values(2,2,0,11);
insert into idocpreffmt (archid, fmttype, userid, fmtid) values(2,3,0,12);
insert into idocpreffmt (archid, fmttype, userid, fmtid) values(1,1,3,8);
insert into idocpreffmt (archid, fmttype, userid, fmtid) values(1,2,3,7);
insert into idocpreffmt (archid, fmttype, userid, fmtid) values(1,3,3,9);
insert into idocpreffmt (archid, fmttype, userid, fmtid) values(2,1,3,10);
insert into idocpreffmt (archid, fmttype, userid, fmtid) values(2,2,3,11);
insert into idocpreffmt (archid, fmttype, userid, fmtid) values(2,3,3,12);
insert into idocpreffmt (archid, fmttype, userid, fmtid) values(3,1,0,13);
insert into idocpreffmt (archid, fmttype, userid, fmtid) values(3,2,0,14);
insert into idocpreffmt (archid, fmttype, userid, fmtid) values(3,3,0,15);
insert into idocpreffmt (archid, fmttype, userid, fmtid) values(4,1,0,16);
insert into idocpreffmt (archid, fmttype, userid, fmtid) values(4,2,0,17);
insert into idocpreffmt (archid, fmttype, userid, fmtid) values(4,3,0,18);

-- TABLA idocxnextid
insert into idocxnextid (type, parentid, id) values (3,2,1);
insert into idocxnextid (type, parentid, id) values (5,2,1);
insert into idocxnextid (type, parentid, id) values (7,2,1);
insert into idocxnextid (type, parentid, id) values (5,3,1);
insert into idocxnextid (type, parentid, id) values (3,4,55);
insert into idocxnextid (type, parentid, id) values (5,4,55);
insert into idocxnextid (type, parentid, id) values (7,4,217);
insert into idocxnextid (type, parentid, id) values (3,3,27);
insert into idocxnextid (type, parentid, id) values (7,3,28);
insert into idocxnextid (type, parentid, id) values (3,1,74);
insert into idocxnextid (type, parentid, id) values (5,1,66);
insert into idocxnextid (type, parentid, id) values (7,1,262);

-- TABLA iuserdepthdr
insert into iuserdepthdr (id, name, parentid, mgrid, type, remarks, crtrid, crtndate, updrid, upddate) values (3,'OFICINA DE REGISTRO1',0,0,1,'',0,'2007-10-16 13:35:59',0,'2007-10-16 13:35:59');
insert into iuserdepthdr (id, name, parentid, mgrid, type, remarks, crtrid, crtndate, updrid, upddate) values (5,'OFICINA DE REGISTRO TELEMATICO',0,3,1,'',3,'2007-10-22 10:59:08',3,'2007-10-22 10:59:08');
insert into iuserdepthdr (id, name, parentid, mgrid, type, remarks, crtrid, crtndate, updrid, upddate) values (4,'TRAMITACION',7,0,0,'<ORGANO><CODIGO>2</CODIGO><NIVEL>2</NIVEL><INSTITUCION>N</INSTITUCION></ORGANO>',0,'2007-10-17 14:41:39',0,'2007-10-29 14:10:12');
insert into iuserdepthdr (id, name, parentid, mgrid, type, remarks, crtrid, crtndate, updrid, upddate) values (6,'ARCHIVO',7,0,0,'<ORGANO><CODIGO>3</CODIGO><NIVEL>2</NIVEL><INSTITUCION>N</INSTITUCION></ORGANO>',0,'2007-10-23 09:41:12',0,'2007-10-29 14:10:29');
insert into iuserdepthdr (id, name, parentid, mgrid, type, remarks, crtrid, crtndate, updrid, upddate) values (7,'SIGEM',0,0,0,'<ORGANO><CODIGO>1</CODIGO><NIVEL>1</NIVEL><INSTITUCION>S</INSTITUCION></ORGANO>',0,'2007-10-29 14:08:55',0,'2007-10-29 14:43:51');

-- TABLA iusergenperms
insert into iusergenperms (dsttype, dstid, prodid, perms) values (2,3,3,1);
insert into iusergenperms (dsttype, dstid, prodid, perms) values (2,3,5,31);
insert into iusergenperms (dsttype, dstid, prodid, perms) values (2,3,4,0);
insert into iusergenperms (dsttype, dstid, prodid, perms) values (1,3,3,0);
insert into iusergenperms (dsttype, dstid, prodid, perms) values (1,3,5,31);
insert into iusergenperms (dsttype, dstid, prodid, perms) values (1,3,4,0);
insert into iusergenperms (dsttype, dstid, prodid, perms) values (3,1,3,0);
insert into iusergenperms (dsttype, dstid, prodid, perms) values (3,1,5,0);
insert into iusergenperms (dsttype, dstid, prodid, perms) values (3,1,4,0);
insert into iusergenperms (dsttype, dstid, prodid, perms) values (3,2,3,0);
insert into iusergenperms (dsttype, dstid, prodid, perms) values (3,2,5,0);
insert into iusergenperms (dsttype, dstid, prodid, perms) values (3,2,4,0);
insert into iusergenperms (dsttype, dstid, prodid, perms) values (3,3,3,0);
insert into iusergenperms (dsttype, dstid, prodid, perms) values (3,3,5,0);
insert into iusergenperms (dsttype, dstid, prodid, perms) values (3,3,4,0);
insert into iusergenperms (dsttype, dstid, prodid, perms) values (1,4,3,1);
insert into iusergenperms (dsttype, dstid, prodid, perms) values (1,4,5,0);
insert into iusergenperms (dsttype, dstid, prodid, perms) values (1,4,4,0);
insert into iusergenperms (dsttype, dstid, prodid, perms) values (2,5,3,1);
insert into iusergenperms (dsttype, dstid, prodid, perms) values (2,5,5,31);
insert into iusergenperms (dsttype, dstid, prodid, perms) values (2,5,4,0);
insert into iusergenperms (dsttype, dstid, prodid, perms) values (1,5,3,1);
insert into iusergenperms (dsttype, dstid, prodid, perms) values (1,5,5,0);
insert into iusergenperms (dsttype, dstid, prodid, perms) values (1,5,4,0);
insert into iusergenperms (dsttype, dstid, prodid, perms) values (2,7,3,0);
insert into iusergenperms (dsttype, dstid, prodid, perms) values (2,7,5,0);
insert into iusergenperms (dsttype, dstid, prodid, perms) values (2,7,4,0);
insert into iusergenperms (dsttype, dstid, prodid, perms) values (2,4,3,0);
insert into iusergenperms (dsttype, dstid, prodid, perms) values (2,4,5,0);
insert into iusergenperms (dsttype, dstid, prodid, perms) values (2,4,4,0);
insert into iusergenperms (dsttype, dstid, prodid, perms) values (2,6,3,0);
insert into iusergenperms (dsttype, dstid, prodid, perms) values (2,6,5,0);
insert into iusergenperms (dsttype, dstid, prodid, perms) values (2,6,4,0);
insert into iusergenperms (dsttype, dstid, prodid, perms) values (1,2,3,0);
insert into iusergenperms (dsttype, dstid, prodid, perms) values (1,2,4,0);
insert into iusergenperms (dsttype, dstid, prodid, perms) values (1,2,5,0);

-- TABLA iusergrouphdr
insert into iusergrouphdr (id, name, mgrid, type, remarks, crtrid, crtndate, updrid, upddate) values (1,'PROC-RQS',0,0,'Grupo de usuarios tramitadores de expedientes de Reclamaciones Quejas y Sugerencias',0,'2007-10-17 14:43:22',null,null);
insert into iusergrouphdr (id, name, mgrid, type, remarks, crtrid, crtndate, updrid, upddate) values (2,'PROC-SUB',0,0,'Grupo de usuarios de tramitación de expedientes de Subvención',0,'2007-10-17 14:43:57',null,null);
insert into iusergrouphdr (id, name, mgrid, type, remarks, crtrid, crtndate, updrid, upddate) values (3,'PROC-LOM',0,0,'Grupo de usuarios de tramitación de expedientes de Licencias de Obra Menor',0,'2007-10-17 14:44:23',null,null);

-- TABLA iusergroupuser
insert into iusergroupuser (groupid, userid) values (1,4);
insert into iusergroupuser (groupid, userid) values (2,4);
insert into iusergroupuser (groupid, userid) values (3,4);

-- TABLA iuserlicences
insert into iuserlicences (info) values ('<?xml version="1.0"?><Información_Licencias Versión="01.00">  <Datos_Firmados>      <Información_Cliente>         <Identificador>XXXXXX</Identificador>         <Nombre>SIGEM</Nombre>      </Información_Cliente>      <Productos>         <invesDoc>           <Número_Licencias_Usuarios_Registrados>1000000</Número_Licencias_Usuarios_Registrados>            <Usuarios_Concurrentes>               <Número_Licencias_Windows>1000000</Número_Licencias_Windows>               <Número_Licencias_Web>1000000</Número_Licencias_Web>            </Usuarios_Concurrentes>         </invesDoc>         <invesSicres>            <Número_Licencias_Usuarios_Registrados>1000000</Número_Licencias_Usuarios_Registrados>            <Usuarios_Concurrentes>              <Número_Licencias_Windows>1000000</Número_Licencias_Windows>               <Número_Licencias_Web>1000000</Número_Licencias_Web>            </Usuarios_Concurrentes>         </invesSicres>      </Productos>   </Datos_Firmados>   <Firma>MIIFjwYJKoZIhvcNAQcCoIIFgDCCBXwCAQExCzAJBgUrDgMCGgUAMAsGCSqGSIb3\nDQEHAaCCBFkwggRVMIID/6ADAgECAgp8Q937AAAAAABPMA0GCSqGSIb3DQEBBQUA\nMEwxCzAJBgNVBAYTAkVTMQ8wDQYDVQQKEwZJRUNJU0ExDDAKBgNVBAsTA0NFWDEe\nMBwGA1UEAxMVVGVjbm9sb2dpYSBEb2N1bWVudGFsMB4XDTAzMDUxMzA5MTE0NFoX\nDTA0MDUxMzA5MjE0NFowWjELMAkGA1UEBhMCRVMxDzANBgNVBAcTBk1hZHJpZDEP\nMA0GA1UEChMGSUVDSVNBMQwwCgYDVQQLEwNDRVgxGzAZBgNVBAMTEmludmVzRG9j\nIENvcnBvcmF0ZTCBnzANBgkqhkiG9w0BAQEFAAOBjQAwgYkCgYEA+tB9NXtOsd+R\nEP4QCziIzq2zp1Es5gcZQuw6eSHtzUoyT01R24GnA89cuDOp4RmwOOhRtYBjPM1Q\naAdDPggau30zpjk6vukOTrhssiaOYL9BT/6rHoT7q6vdqa+/LBzl8htm6HDvbUCL\nW4RYC8w5/PbTNuM8uGJyEGnds3KrNS0CAwEAAaOCAm8wggJrMA4GA1UdDwEB/wQE\nAwIE8DATBgNVHSUEDDAKBggrBgEFBQcDAjAdBgNVHQ4EFgQU8mq7Sv4mU9wFvWgL\n3hZJjji7P/gwgYMGA1UdIwR8MHqAFMVv3J/cFlPxSsMsBt4xIIxUBZAKoVCkTjBM\nMQswCQYDVQQGEwJFUzEPMA0GA1UEChMGSUVDSVNBMQwwCgYDVQQLEwNDRVgxHjAc\nBgNVBAMTFVRlY25vbG9naWEgRG9jdW1lbnRhbIIQKGpFfLlWmplB14EP8DdTZTCB\nqwYDVR0fBIGjMIGgME2gS6BJhkdodHRwOi8vcGlzdGEyMDAwLmRtX2ltYWdlbl9u\ndC5lcy9DZXJ0RW5yb2xsL1RlY25vbG9naWElMjBEb2N1bWVudGFsLmNybDBPoE2g\nS4ZJZmlsZTovL1xccGlzdGEyMDAwLmRtX2ltYWdlbl9udC5lc1xDZXJ0RW5yb2xs\nXFRlY25vbG9naWElMjBEb2N1bWVudGFsLmNybDCB8AYIKwYBBQUHAQEEgeMwgeAw\nbQYIKwYBBQUHMAKGYWh0dHA6Ly9waXN0YTIwMDAuZG1faW1hZ2VuX250LmVzL0Nl\ncnRFbnJvbGwvcGlzdGEyMDAwLmRtX2ltYWdlbl9udC5lc19UZWNub2xvZ2lhJTIw\nRG9jdW1lbnRhbC5jcnQwbwYIKwYBBQUHMAKGY2ZpbGU6Ly9cXHBpc3RhMjAwMC5k\nbV9pbWFnZW5fbnQuZXNcQ2VydEVucm9sbFxwaXN0YTIwMDAuZG1faW1hZ2VuX250\nLmVzX1RlY25vbG9naWElMjBEb2N1bWVudGFsLmNydDANBgkqhkiG9w0BAQUFAANB\nACdd8Bc7KmbgM8cVQk09Y7xds72Uk0cxDT95qpqCu4gEwWNpRbO3brTeuLXVhHIo\noq3dqDdO0slLrCuCgcnhJ98xgf8wgfwCAQEwWjBMMQswCQYDVQQGEwJFUzEPMA0G\nA1UEChMGSUVDSVNBMQwwCgYDVQQLEwNDRVgxHjAcBgNVBAMTFVRlY25vbG9naWEg\nRG9jdW1lbnRhbAIKfEPd+wAAAAAATzAJBgUrDgMCGgUAMA0GCSqGSIb3DQEBAQUA\nBIGAOH+vnrz4FkMpTqOZaXl/HhP/imXP6raC9ItqitEJ4b4912utVRA/8w/h1pyg\njYDXza1Qlnp7P34cz4Ff1Y0+KNA2Hrks6Heu8M11xaRvyOtrWyNj3ULrhGbBvIUs\nOIJG61lhr2LOMSmKVj22YpGmz/9khn2RH/RVd+hGdT3FRqU=</Firma></Información_Licencias>');

---- TABLA iusernextid
insert into iusernextid (type, id) values (3,4);
insert into iusernextid (type, id) values (4,6);
insert into iusernextid (type, id) values (1,6);
insert into iusernextid (type, id) values (2,8);
insert into iusernextid (type, id) values (5,118);

-- TABLA iuserobjhdr
insert into iuserobjhdr (id, prodid, type, extid1, extid2, extid3, ownertype, ownerid, crtrid, crtndate, updrid, upddate) values (2,3,5,2,1,0,1,0,2,'2007-07-23 12:31:44',3,'2007-10-16 16:09:49');
insert into iuserobjhdr (id, prodid, type, extid1, extid2, extid3, ownertype, ownerid, crtrid, crtndate, updrid, upddate) values (3,3,5,3,1,0,1,0,0,'2007-10-17 14:03:41',0,'2007-10-18 11:13:29');
insert into iuserobjhdr (id, prodid, type, extid1, extid2, extid3, ownertype, ownerid, crtrid, crtndate, updrid, upddate) values (4,3,5,4,1,0,1,0,0,'2007-10-17 14:03:55',0,'2007-10-18 11:13:38');
insert into iuserobjhdr (id, prodid, type, extid1, extid2, extid3, ownertype, ownerid, crtrid, crtndate, updrid, upddate) values (5,3,4,1,0,0,1,0,0,'2007-10-18 11:13:56',null,null);
insert into iuserobjhdr (id, prodid, type, extid1, extid2, extid3, ownertype, ownerid, crtrid, crtndate, updrid, upddate) values (1,3,5,1,1,0,1,0,2,'2007-07-23 12:31:36',0,'2007-11-14 12:48:05');

-- TABLA iuseruserhdr
insert into iuseruserhdr (id, name, password, deptid, flags, stat, numbadcnts, remarks, crtrid, crtndate, updrid, upddate, pwdlastupdts, pwdmbc, pwdvpcheck) values (4,'tramitador','NECKEEc=',4,0,0,0,'Usuario de Tramitación',0,'2007-10-17 14:49:04',null,null,322525,'N','N');
insert into iuseruserhdr (id, name, password, deptid, flags, stat, numbadcnts, remarks, crtrid, crtndate, updrid, upddate, pwdlastupdts, pwdmbc, pwdvpcheck) values (5,'archivo','OlGLWUk=',6,0,0,0,'',0,'2007-10-23 09:42:02',null,null,322664,'N','N');
insert into iuseruserhdr (id, name, password, deptid, flags, stat, numbadcnts, remarks, crtrid, crtndate, updrid, upddate, pwdlastupdts, pwdmbc, pwdvpcheck) values (3,'sigem','j+rYjqY=',3,0,0,0,'',0,'2007-10-16 13:36:48',0,'2007-10-16 13:36:48',322500,'N','N');
insert into iuseruserhdr (id, name, password, deptid, flags, stat, numbadcnts, remarks, crtrid, crtndate, updrid, upddate, pwdlastupdts, pwdmbc, pwdvpcheck) VALUES (2,'consulta','uP1PFF8=',7,0,0,0,'',0,'2007-10-16 13:36:48',0,'2007-10-16 13:36:48',322500,'N','N');
insert into iuseruserhdr (id, name, password, deptid, flags, stat, numbadcnts, remarks, crtrid, crtndate, updrid, upddate, pwdlastupdts, pwdmbc, pwdvpcheck) values (0,'SYSSUPERUSER','ADd6PK3AWOSc5e4=',0,0,0,0,'',0,'2007-07-23 11:49:03',null,null,320458,'N','N');

-- TABLA iuserusersys
insert into iuserusersys (maxbadcnts, pwdvp, pwdmbc, pwdminlen, pwdexpiredap, numpwdlock, flags, updrid, upddate) values (3,-1,'N',3,-1,1,0,2147483646,null);

-- TABLA iuserusertype
insert into iuserusertype (userid, prodid, type) values (0,1,3);
insert into iuserusertype (userid, prodid, type) values (0,2,0);
insert into iuserusertype (userid, prodid, type) values (0,3,0);
insert into iuserusertype (userid, prodid, type) values (0,4,0);
insert into iuserusertype (userid, prodid, type) values (0,5,0);
insert into iuserusertype (userid, prodid, type) values (0,6,0);
insert into iuserusertype (userid, prodid, type) values (0,7,0);
insert into iuserusertype (userid, prodid, type) values (0,8,0);
insert into iuserusertype (userid, prodid, type) values (3,1,0);
insert into iuserusertype (userid, prodid, type) values (3,2,0);
insert into iuserusertype (userid, prodid, type) values (3,3,0);
insert into iuserusertype (userid, prodid, type) values (3,4,0);
insert into iuserusertype (userid, prodid, type) values (3,5,3);
insert into iuserusertype (userid, prodid, type) values (3,6,0);
insert into iuserusertype (userid, prodid, type) values (3,7,0);
insert into iuserusertype (userid, prodid, type) values (3,8,0);
insert into iuserusertype (userid, prodid, type) values (4,1,0);
insert into iuserusertype (userid, prodid, type) values (4,2,0);
insert into iuserusertype (userid, prodid, type) values (4,3,1);
insert into iuserusertype (userid, prodid, type) values (4,4,0);
insert into iuserusertype (userid, prodid, type) values (4,5,0);
insert into iuserusertype (userid, prodid, type) values (4,6,0);
insert into iuserusertype (userid, prodid, type) values (4,7,0);
insert into iuserusertype (userid, prodid, type) values (4,8,0);
insert into iuserusertype (userid, prodid, type) values (5,1,0);
insert into iuserusertype (userid, prodid, type) values (5,2,0);
insert into iuserusertype (userid, prodid, type) values (5,3,1);
insert into iuserusertype (userid, prodid, type) values (5,4,0);
insert into iuserusertype (userid, prodid, type) values (5,5,0);
insert into iuserusertype (userid, prodid, type) values (5,6,0);
insert into iuserusertype (userid, prodid, type) values (5,7,0);
insert into iuserusertype (userid, prodid, type) values (5,8,0);
insert into iuserusertype (userid, prodid, type) values (2,1,0);
insert into iuserusertype (userid, prodid, type) values (2,2,0);
insert into iuserusertype (userid, prodid, type) values (2,3,1);
insert into iuserusertype (userid, prodid, type) values (2,4,1);
insert into iuserusertype (userid, prodid, type) values (2,5,0);
insert into iuserusertype (userid, prodid, type) values (2,6,0);
insert into iuserusertype (userid, prodid, type) values (2,7,0);
insert into iuserusertype (userid, prodid, type) values (2,8,0);
insert into iuserusertype (userid, prodid, type) values (2,9,3);
insert into iuserusertype (userid, prodid, type) values (2,10,3);

-- TABLA ivolactdir
--insert into ivolactdir (volid, actdir, numfiles) values (2,1,1);
--insert into ivolactdir (volid, actdir, numfiles) values (3,1,3);
--insert into ivolactdir (volid, actdir, numfiles) values (1,1,0);
--insert into ivolactdir (volid, actdir, numfiles) values (5,1,21);
--insert into ivolactdir (volid, actdir, numfiles) values (4,1,176);
--insert into ivolactdir (volid, actdir, numfiles) values (6,1,0);

-- TABLA ivolarchlist
insert into ivolarchlist (archid, listid) values (1,3);
insert into ivolarchlist (archid, listid) values (2,3);
insert into ivolarchlist (archid, listid) values (3,4);
insert into ivolarchlist (archid, listid) values (4,5);

-- TABLA ivollisthdr
insert into ivollisthdr (id, name, flags, stat, remarks, crtrid, crtndate, updrid, upddate) values (3,'ListaRegistro01',0,0,'',0,'2007-10-16 16:08:41',null,null);
insert into ivollisthdr (id, name, flags, stat, remarks, crtrid, crtndate, updrid, upddate) values (4,'ListaTramitador01',0,0,'',0,'2007-10-17 14:25:23',null,null);
insert into ivollisthdr (id, name, flags, stat, remarks, crtrid, crtndate, updrid, upddate) values (5,'ListaTramitadorSegura01',0,0,'',0,'2007-10-17 14:25:23',null,null);
insert into ivollisthdr (id, name, flags, stat, remarks, crtrid, crtndate, updrid, upddate) values (6,'ListaArchivo01',0,0,'',0,'2007-10-31 11:19:22',null,null);

-- TABLA ivollistvol
--insert into ivollistvol (listid, volid, sortorder) values (1,2,1);
--insert into ivollistvol (listid, volid, sortorder) values (3,4,1);
--insert into ivollistvol (listid, volid, sortorder) values (4,5,1);
--insert into ivollistvol (listid, volid, sortorder) values (6,6,1);

-- TABLA ivolnextid
insert into ivolnextid (type, id) values (4,504);
insert into ivolnextid (type, id) values (1,8);
insert into ivolnextid (type, id) values (2,7);
insert into ivolnextid (type, id) values (3,7);

-- TABLA ivolrephdr
--insert into ivolrephdr (id, name, type, info, stat, remarks, crtrid, crtndate, updrid, upddate) values (5,'SIGEM_REGISTRO',1,'"01.01"|"127.0.0.1,21,sigem,Ok04ddM=,/home/sigem/000_REPOSITORIO_REGISTRO"|1|3|3|0|0',0,'',0,'2007-10-16 16:05:21',null,null);
--insert into ivolrephdr (id, name, type, info, stat, remarks, crtrid, crtndate, updrid, upddate) values (6,'SIGEM_TRAMITACION',1,'"01.01"|"127.0.0.1,21,sigem,Ok04ddM=,/home/sigem/000_SIGEM_TRAMITACION"|1|3|3|0|0',0,'',0,'2007-10-17 13:44:53',null,null);
--insert into ivolrephdr (id, name, type, info, stat, remarks, crtrid, crtndate, updrid, upddate) values (7,'SIGEM_ARCHIVO',1,'"01.01"|"127.0.0.1,21,sigem,Ok04ddM=,/home/sigem/000_SIGEM_ARCHIVO"|1|3|3|0|0',0,'',0,'2007-10-31 11:16:41',null,null);

-- TABLA ivolvolhdr
--insert into ivolvolhdr (id, name, repid, info, itemp, actsize, numfiles, stat, remarks, crtrid, crtndate, updrid, upddate) values (4,'Volumen01',5,'"01.01"|1|"Volumen01"|"524288000"|0',0,'0.',100,0,'',0,'2007-10-16 16:08:06',null,null);
--insert into ivolvolhdr (id, name, repid, info, itemp, actsize, numfiles, stat, remarks, crtrid, crtndate, updrid, upddate) values (5,'TramitadorVol01',6,'"01.01"|1|"TramitadorVol01"|"524288000"|0',0,'819360.',15,0,'',0,'2007-10-17 14:25:01',null,null);
--insert into ivolvolhdr (id, name, repid, info, itemp, actsize, numfiles, stat, remarks, crtrid, crtndate, updrid, upddate) values (6,'ArchivoVol01',7,'"01.01"|1|"ArchivoVol01"|"524288000"|0',0,'0',0,0,'',0,'2007-10-31 11:19:03',null,null);

-- TABLA idocarchhdr
insert into idocarchhdr (id, name, tblprefix, type, flags, remarks, accesstype, acsid, crtrid, crtndate, updrid, upddate) values (3,'Documentos Electrónicos','A3',0,0,'',0,3,0,'2007-10-17 14:03:41',0,'2007-10-18 11:13:29');
insert into idocarchhdr (id, name, tblprefix, type, flags, remarks, accesstype, acsid, crtrid, crtndate, updrid, upddate) values (4,'Documentos Electrónicos Firmados','A4',0,0,'Repositorio de documentos electrónicos (RDE) firmados',0,4,0,'2007-10-17 14:03:55',0,'2007-10-18 11:13:38');
insert into idocarchhdr (id, name, tblprefix, type, flags, remarks, accesstype, acsid, crtrid, crtndate, updrid, upddate) values (2,'Libro de Salida','A2',2,0,'',0,2,2,'2007-07-23 12:31:44',3,'2007-10-16 16:09:49');
insert into idocarchhdr (id, name, tblprefix, type, flags, remarks, accesstype, acsid, crtrid, crtndate, updrid, upddate) values (1,'Libro de Entrada','A1',1,0,'',0,1,2,'2007-07-23 12:31:36',0,'2007-11-14 12:48:05');

-- TABLA idocdbinfo
insert into idocdbinfo (id, name, graldbname, graldbuser, graldbpassword, misc) values (1,'Local','','','','"01.04"|"9.2.0"|2|"doc","txt"|0,0,""|0');

-- TABLA idocdirhdr
insert into idocdirhdr (id, name, type, flags, remarks, accesstype, acsid, crtrid, crtndate, updrid, upddate) values (1,'SIGEM',0,0,'',1,5,0,'2007-10-18 11:13:56',0,null);