<?xml version="1.0" encoding="ISO-8859-1"?>
<Busqueda version="5.0" descripcion="B�squeda de unidades documentales de la serie">
  <entrada>
    <campo nombre="Titulo" mostrar="S" tipo="1" mostrarCalificadores="S"/>
    <campo nombre="Numero_Expediente" mostrar="S" tipo="1" mostrarCalificadores="S">
      <restriccion id="UDoc_EnRelEntrega" tipo="-5"/>
      <restriccion id="Rangos" tipo="-6"/>
    </campo>
    <campo nombre="Codigo" mostrar="S" tipo="1"/>
    <campo nombre="Fecha_Inicial" mostrar="S" mostrarCalificadores="N" tipo="3">
      <restriccion id="Fecha_Inicial" tipo="3"/>
    </campo>
    <campo nombre="Fecha_Final" mostrar="S" mostrarCalificadores="N" tipo="3">
      <restriccion id="Fecha_Final" tipo="3"/>
    </campo>
    <campo nombre="Productor" mostrar="S" tipo="4">
      <restriccion id="Productor" tipo="5">
        <listasDescriptoras>
          <lista>ID_LIST_INSTITUCION</lista>
          <lista>ID_LIST_PERSONA</lista>
          <lista>ID_LIST_FAMILIA</lista>
          <lista>ID_LIST_BDORGANIZACION</lista>
          <lista>ID_LIST_ORGANO</lista>
        </listasDescriptoras>
      </restriccion>
    </campo>
    <campo nombre="Conservada" mostrar="S" tipo="1"/>
  </entrada>
  <salida>
    <campo nombre="Codigo" mostrar="S" mostrarLink="S" tipo="1"/>
    <campo nombre="Numero_Expediente" mostrar="S" tipo="1"/>
    <campo nombre="Titulo" mostrar="S" tipo="1"/>
    <!--campo nombre="Signatura" mostrar="S" tipo="1"/-->
    <campo nombre="Nivel" mostrar="S" tipo="1"/>
    <!--campo nombre="Estado" mostrar="S" tipo="1"/-->
    <campo nombre="Fecha_Inicial" mostrar="S" tipo="3"/>
    <campo nombre="Fecha_Final" mostrar="S" tipo="3"/>
    <campo nombre="Productor" mostrar="S" tipo="1"/>
    <campo nombre="Interesados" mostrar="S" tipo="1"/>
    <campo nombre="Conservada" mostrar="S" tipo="1"/>
    <campo nombre="Bloqueo" mostrar="S" tipo="4"/>
    <campo nombre="Documentos_Electronicos" mostrar="S" tipo="1"/>
  </salida>
  <acciones>
  	<accion>MOVER_ELEMENTOS</accion>
    <accion>NO_CONSERVAR</accion>
    <accion>BLOQUEAR</accion>
    <accion>DESBLOQUEAR</accion>
  </acciones>
  <ordenacion tipo="ASC">
    <orden>Codigo</orden>
  </ordenacion>
</Busqueda>