<?xml version="1.0" encoding="UTF-8"?>
<!DOCTYPE log4j:configuration SYSTEM "dtd/log4j.dtd">
<!-- Fichero de configuración del sistema de trazas log4j -->
<log4j:configuration xmlns:log4j="http://jakarta.apache.org/log4j/">
    <!-- Parte genérica de Sicres -->
    <appender name="ISicresFileWeb" class="org.apache.log4j.RollingFileAppender">
        <!-- Configurar ruta -->
        <param name="File" value="/home/sigem/SIGEM/logs/SIGEM_RegistroPresencialWeb/SIGEM_RegistroPresencialWeb.log"/>
        <param name="MaxFileSize" value="3072KB"/>
        <param name="MaxBackupIndex" value="3"/>
        <layout class="org.apache.log4j.PatternLayout">
            <param name="ConversionPattern" value="%d{ISO8601} [%p] %C %M %m %n"/>
        </layout>
    </appender>

    <appender name="ISicresFileHTMLWeb" class="org.apache.log4j.RollingFileAppender">
        <!-- Configurar ruta -->
        <param name="File" value="/home/sigem/SIGEM/logs/SIGEM_RegistroPresencialWeb/SIGEM_RegistroPresencialWeb.html"/>
        <param name="MaxFileSize" value="3072KB"/>
        <param name="MaxBackupIndex" value="3"/>
        <layout class="org.apache.log4j.HTMLLayout">
        </layout>
    </appender>

    <appender name="ISicresFileXMLWeb" class="org.apache.log4j.RollingFileAppender">
        <!-- Configurar ruta -->
        <param name="File" value="/home/sigem/SIGEM/logs/SIGEM_RegistroPresencialWeb/SIGEM_RegistroPresencialWeb.xml"/>
        <param name="MaxFileSize" value="3072KB"/>
        <param name="MaxBackupIndex" value="3"/>
        <layout class="org.apache.log4j.xml.XMLLayout">
        </layout>
    </appender>

    <!-- Parte específica de los informes -->
    <appender name="ISicresReportsFileWeb" class="org.apache.log4j.RollingFileAppender">
        <!-- Configurar ruta -->
        <param name="File" value="/home/sigem/SIGEM/logs/SIGEM_RegistroPresencialWeb/SIGEM_RegistroPresencialReportsWeb.log"/>
        <param name="MaxFileSize" value="3072KB"/>
        <param name="MaxBackupIndex" value="3"/>
        <layout class="org.apache.log4j.PatternLayout">
            <param name="ConversionPattern" value="%d{ISO8601} [%p] %C %M %m %n"/>
        </layout>
    </appender>

    <appender name="ISicresReportsFileHTMLWeb" class="org.apache.log4j.RollingFileAppender">
        <!-- Configurar ruta -->
        <param name="File" value="/home/sigem/SIGEM/logs/SIGEM_RegistroPresencialWeb/SIGEM_RegistroPresencialReportsWeb.html"/>
        <param name="MaxFileSize" value="3072KB"/>
        <param name="MaxBackupIndex" value="3"/>
        <layout class="org.apache.log4j.HTMLLayout">
        </layout>
    </appender>

    <appender name="ISicresReportsFileXMLWeb" class="org.apache.log4j.RollingFileAppender">
        <!-- Configurar ruta -->
        <param name="File" value="/home/sigem/SIGEM/logs/SIGEM_RegistroPresencialWeb/SIGEM_RegistroPresencialReportsWeb.xml"/>
        <param name="MaxFileSize" value="3072KB"/>
        <param name="MaxBackupIndex" value="3"/>
        <layout class="org.apache.log4j.xml.XMLLayout">
        </layout>
    </appender>

    <logger name="com" additivity="false">
        <level value="info"/>
        <appender-ref ref="ISicresFileWeb"/>
        <appender-ref ref="ISicresFileHTMLWeb"/>
        <appender-ref ref="ISicresFileXMLWeb"/>
    </logger>

    <logger name="ieci" additivity="false">
        <level value="info"/>
        <appender-ref ref="ISicresFileWeb"/>
        <appender-ref ref="ISicresFileHTMLWeb"/>
        <appender-ref ref="ISicresFileXMLWeb"/>
    </logger>

    <logger name="es" additivity="false">
        <level value="info"/>
        <appender-ref ref="ISicresFileWeb"/>
        <appender-ref ref="ISicresFileHTMLWeb"/>
        <appender-ref ref="ISicresFileXMLWeb"/>
    </logger>

    <logger name="net" additivity="false">
        <level value="info"/>
        <appender-ref ref="ISicresReportsFileWeb"/>
        <appender-ref ref="ISicresReportsFileHTMLWeb"/>
        <appender-ref ref="ISicresReportsFileXMLWeb"/>
    </logger>
</log4j:configuration>

