<?xml version="1.0" encoding="UTF-8"?>
<beans xmlns="http://www.springframework.org/schema/beans"
	xmlns:xsi="http://www.w3.org/2001/XMLSchema-instance"
	xsi:schemaLocation="
        http://www.springframework.org/schema/beans
        http://www.springframework.org/schema/beans/spring-beans-3.0.xsd">

	<bean name="isicresConfigurationResourceLoader" id="isicresConfigurationResourceLoader"
		class="${config.resources.loader.class}"/>

	<!-- Bean de configuración de Isicres -->
	<bean id="registroConfigurationBean" class="org.springframework.beans.factory.config.MapFactoryBean">
		<property name="sourceMap">
			<map>
				<entry key="CONFIG_SUBDIR" value="${config.subdir.path}" />
			</map>
		</property>
	</bean>

</beans>