<?xml version="1.0" encoding="ISO-8859-1"?>
<Busqueda version="5.0" descripcion="B�squeda sencilla en la bandeja de entrada">
	<entrada>
 		<campo nombre="Numero_Expediente" mostrar="S" tipo="1">
	 		<restriccion id="Rangos" tipo="-6"/>
 		</campo>
		<campo nombre="Titulo" mostrar="S" tipo="1">
		 	<restriccion id="Interesado_Identidad" tipo="5">
				<listasDescriptoras>
					<lista>ID_LIST_INTERESADO_IDENTIDAD</lista>
				</listasDescriptoras>
			</restriccion>
			<restriccion id="Localizacion" tipo="1"/>
 			<restriccion id="Emplazamiento_Pais" tipo="5">
				<listasDescriptoras>
					<lista>ID_LIST_PAIS</lista>
				</listasDescriptoras>
			</restriccion>
 			<restriccion id="Emplazamiento_Comunidad" tipo="5">
				<listasDescriptoras>
					<lista>ID_LIST_COMUNIDAD</lista>
				</listasDescriptoras>
			</restriccion>
 			<restriccion id="Emplazamiento_Concejo" tipo="5">
				<listasDescriptoras>
					<lista>ID_LIST_CONCEJO</lista>
				</listasDescriptoras>
			</restriccion>
 			<restriccion id="Emplazamiento_Poblacion" tipo="5">
				<listasDescriptoras>
					<lista>ID_LIST_POBLACION</lista>
				</listasDescriptoras>
			</restriccion>
		</campo>
		<campo nombre="Fecha_Inicial" mostrar="S" mostrarCalificadores="N" tipo="3">
			<restriccion id="Fecha_Inicial" tipo="3"/>
		</campo>
		<campo nombre="Fecha_Final" mostrar="S" mostrarCalificadores="N" tipo="3">
			<restriccion id="Fecha_Final" tipo="3"/>
		</campo>
	</entrada>
	<salida>
		<campo nombre="Titulo" mostrar="S"  mostrarLink="S" tipo="1"/>
		<campo nombre="Numero_Expediente" mostrar="S"  mostrarLink="S" tipo="1"/>
		<campo nombre="Fecha_Inicial" mostrar="S" tipo="3">
			<restriccion id="Fecha_Inicial" tipo="3"/>
		</campo>
		<campo nombre="Fecha_Final" mostrar="S" tipo="3">
			<restriccion id="Fecha_Final" tipo="3"/>
		</campo>
	    <campo nombre="Bloqueo" mostrar="S" tipo="4"/>
	</salida>
	<ordenacion tipo="ASC">
		<orden>Numero_Expediente</orden>
	</ordenacion>
</Busqueda>